id,dataset,model,K,hidden,lr,weight_decay,epochs,patience,seed,best_val_acc,test_acc,epochs_ran,parallel_mode
Physics_GPRGNN_K4_H64_lr0.01_wd0.0005_e500_p50_s0,Physics,GPRGNN,4,64,0.01,0.0005,500,50,0,0.9719,0.9774,166,lr_wd_seed_batched
Physics_GPRGNN_K4_H64_lr0.01_wd0.0005_e500_p50_s1,Physics,GPRGNN,4,64,0.01,0.0005,500,50,1,0.9759,0.9786,360,lr_wd_seed_batched
Physics_GPRGNN_K4_H64_lr0.01_wd0.0005_e500_p50_s2,Physics,GPRGNN,4,64,0.01,0.0005,500,50,2,0.9742,0.9774,229,lr_wd_seed_batched
Physics_GPRGNN_K4_H64_lr0.01_wd0.0005_e500_p50_s3,Physics,GPRGNN,4,64,0.01,0.0005,500,50,3,0.9748,0.9780,259,lr_wd_seed_batched
Physics_GPRGNN_K4_H64_lr0.01_wd0.0005_e500_p50_s4,Physics,GPRGNN,4,64,0.01,0.0005,500,50,4,0.9751,0.9794,311,lr_wd_seed_batched
Physics_GPRGNN_K4_H64_lr0.01_wd0.0005_e500_p50_s5,Physics,GPRGNN,4,64,0.01,0.0005,500,50,5,0.9716,0.9759,145,lr_wd_seed_batched
Physics_GPRGNN_K4_H64_lr0.01_wd0.0005_e500_p50_s6,Physics,GPRGNN,4,64,0.01,0.0005,500,50,6,0.9739,0.9791,252,lr_wd_seed_batched
Physics_GPRGNN_K4_H64_lr0.01_wd0.0005_e500_p50_s7,Physics,GPRGNN,4,64,0.01,0.0005,500,50,7,0.9736,0.9780,206,lr_wd_seed_batched
Physics_GPRGNN_K4_H64_lr0.01_wd0.0005_e500_p50_s8,Physics,GPRGNN,4,64,0.01,0.0005,500,50,8,0.9736,0.9797,215,lr_wd_seed_batched
Physics_GPRGNN_K4_H64_lr0.01_wd0.0005_e500_p50_s9,Physics,GPRGNN,4,64,0.01,0.0005,500,50,9,0.9748,0.9788,292,lr_wd_seed_batched
Physics_GPRGNN_K4_H64_lr0.01_wd0.0001_e500_p50_s0,Physics,GPRGNN,4,64,0.01,0.0001,500,50,0,0.9751,0.9803,227,lr_wd_seed_batched
Physics_GPRGNN_K4_H64_lr0.01_wd0.0001_e500_p50_s1,Physics,GPRGNN,4,64,0.01,0.0001,500,50,1,0.9768,0.9806,296,lr_wd_seed_batched
Physics_GPRGNN_K4_H64_lr0.01_wd0.0001_e500_p50_s2,Physics,GPRGNN,4,64,0.01,0.0001,500,50,2,0.9762,0.9800,261,lr_wd_seed_batched
Physics_GPRGNN_K4_H64_lr0.01_wd0.0001_e500_p50_s3,Physics,GPRGNN,4,64,0.01,0.0001,500,50,3,0.9765,0.9786,269,lr_wd_seed_batched
Physics_GPRGNN_K4_H64_lr0.01_wd0.0001_e500_p50_s4,Physics,GPRGNN,4,64,0.01,0.0001,500,50,4,0.9762,0.9803,315,lr_wd_seed_batched
Physics_GPRGNN_K4_H64_lr0.01_wd0.0001_e500_p50_s5,Physics,GPRGNN,4,64,0.01,0.0001,500,50,5,0.9762,0.9803,238,lr_wd_seed_batched
Physics_GPRGNN_K4_H64_lr0.01_wd0.0001_e500_p50_s6,Physics,GPRGNN,4,64,0.01,0.0001,500,50,6,0.9756,0.9806,242,lr_wd_seed_batched
Physics_GPRGNN_K4_H64_lr0.01_wd0.0001_e500_p50_s7,Physics,GPRGNN,4,64,0.01,0.0001,500,50,7,0.9759,0.9791,257,lr_wd_seed_batched
Physics_GPRGNN_K4_H64_lr0.01_wd0.0001_e500_p50_s8,Physics,GPRGNN,4,64,0.01,0.0001,500,50,8,0.9754,0.9809,226,lr_wd_seed_batched
Physics_GPRGNN_K4_H64_lr0.01_wd0.0001_e500_p50_s9,Physics,GPRGNN,4,64,0.01,0.0001,500,50,9,0.9765,0.9794,312,lr_wd_seed_batched
Physics_GPRGNN_K4_H64_lr0.01_wd0_e500_p50_s0,Physics,GPRGNN,4,64,0.01,0.0,500,50,0,0.9739,0.9774,139,lr_wd_seed_batched
Physics_GPRGNN_K4_H64_lr0.01_wd0_e500_p50_s1,Physics,GPRGNN,4,64,0.01,0.0,500,50,1,0.9742,0.9783,152,lr_wd_seed_batched
Physics_GPRGNN_K4_H64_lr0.01_wd0_e500_p50_s2,Physics,GPRGNN,4,64,0.01,0.0,500,50,2,0.9733,0.9794,128,lr_wd_seed_batched
Physics_GPRGNN_K4_H64_lr0.01_wd0_e500_p50_s3,Physics,GPRGNN,4,64,0.01,0.0,500,50,3,0.9736,0.9774,140,lr_wd_seed_batched
Physics_GPRGNN_K4_H64_lr0.01_wd0_e500_p50_s4,Physics,GPRGNN,4,64,0.01,0.0,500,50,4,0.9736,0.9780,131,lr_wd_seed_batched
Physics_GPRGNN_K4_H64_lr0.01_wd0_e500_p50_s5,Physics,GPRGNN,4,64,0.01,0.0,500,50,5,0.9739,0.9788,154,lr_wd_seed_batched
Physics_GPRGNN_K4_H64_lr0.01_wd0_e500_p50_s6,Physics,GPRGNN,4,64,0.01,0.0,500,50,6,0.9742,0.9794,157,lr_wd_seed_batched
Physics_GPRGNN_K4_H64_lr0.01_wd0_e500_p50_s7,Physics,GPRGNN,4,64,0.01,0.0,500,50,7,0.9745,0.9783,250,lr_wd_seed_batched
Physics_GPRGNN_K4_H64_lr0.01_wd0_e500_p50_s8,Physics,GPRGNN,4,64,0.01,0.0,500,50,8,0.9736,0.9791,145,lr_wd_seed_batched
Physics_GPRGNN_K4_H64_lr0.01_wd0_e500_p50_s9,Physics,GPRGNN,4,64,0.01,0.0,500,50,9,0.9733,0.9788,151,lr_wd_seed_batched
Physics_GPRGNN_K4_H64_lr0.005_wd0.0005_e500_p50_s0,Physics,GPRGNN,4,64,0.005,0.0005,500,50,0,0.9727,0.9777,352,lr_wd_seed_batched
Physics_GPRGNN_K4_H64_lr0.005_wd0.0005_e500_p50_s1,Physics,GPRGNN,4,64,0.005,0.0005,500,50,1,0.9722,0.9754,273,lr_wd_seed_batched
Physics_GPRGNN_K4_H64_lr0.005_wd0.0005_e500_p50_s2,Physics,GPRGNN,4,64,0.005,0.0005,500,50,2,0.9704,0.9757,219,lr_wd_seed_batched
Physics_GPRGNN_K4_H64_lr0.005_wd0.0005_e500_p50_s3,Physics,GPRGNN,4,64,0.005,0.0005,500,50,3,0.9716,0.9757,251,lr_wd_seed_batched
Physics_GPRGNN_K4_H64_lr0.005_wd0.0005_e500_p50_s4,Physics,GPRGNN,4,64,0.005,0.0005,500,50,4,0.9736,0.9765,315,lr_wd_seed_batched
Physics_GPRGNN_K4_H64_lr0.005_wd0.0005_e500_p50_s5,Physics,GPRGNN,4,64,0.005,0.0005,500,50,5,0.9693,0.9751,168,lr_wd_seed_batched
Physics_GPRGNN_K4_H64_lr0.005_wd0.0005_e500_p50_s6,Physics,GPRGNN,4,64,0.005,0.0005,500,50,6,0.9727,0.9780,330,lr_wd_seed_batched
Physics_GPRGNN_K4_H64_lr0.005_wd0.0005_e500_p50_s7,Physics,GPRGNN,4,64,0.005,0.0005,500,50,7,0.9733,0.9791,331,lr_wd_seed_batched
Physics_GPRGNN_K4_H64_lr0.005_wd0.0005_e500_p50_s8,Physics,GPRGNN,4,64,0.005,0.0005,500,50,8,0.9736,0.9774,339,lr_wd_seed_batched
Physics_GPRGNN_K4_H64_lr0.005_wd0.0005_e500_p50_s9,Physics,GPRGNN,4,64,0.005,0.0005,500,50,9,0.9725,0.9780,311,lr_wd_seed_batched
Physics_GPRGNN_K4_H64_lr0.005_wd0.0001_e500_p50_s0,Physics,GPRGNN,4,64,0.005,0.0001,500,50,0,0.9727,0.9771,213,lr_wd_seed_batched
Physics_GPRGNN_K4_H64_lr0.005_wd0.0001_e500_p50_s1,Physics,GPRGNN,4,64,0.005,0.0001,500,50,1,0.9751,0.9786,358,lr_wd_seed_batched
Physics_GPRGNN_K4_H64_lr0.005_wd0.0001_e500_p50_s2,Physics,GPRGNN,4,64,0.005,0.0001,500,50,2,0.9727,0.9794,254,lr_wd_seed_batched
Physics_GPRGNN_K4_H64_lr0.005_wd0.0001_e500_p50_s3,Physics,GPRGNN,4,64,0.005,0.0001,500,50,3,0.9725,0.9777,203,lr_wd_seed_batched
Physics_GPRGNN_K4_H64_lr0.005_wd0.0001_e500_p50_s4,Physics,GPRGNN,4,64,0.005,0.0001,500,50,4,0.9727,0.9780,214,lr_wd_seed_batched
Physics_GPRGNN_K4_H64_lr0.005_wd0.0001_e500_p50_s5,Physics,GPRGNN,4,64,0.005,0.0001,500,50,5,0.9754,0.9791,401,lr_wd_seed_batched
Physics_GPRGNN_K4_H64_lr0.005_wd0.0001_e500_p50_s6,Physics,GPRGNN,4,64,0.005,0.0001,500,50,6,0.9736,0.9794,236,lr_wd_seed_batched
Physics_GPRGNN_K4_H64_lr0.005_wd0.0001_e500_p50_s7,Physics,GPRGNN,4,64,0.005,0.0001,500,50,7,0.9754,0.9786,359,lr_wd_seed_batched
Physics_GPRGNN_K4_H64_lr0.005_wd0.0001_e500_p50_s8,Physics,GPRGNN,4,64,0.005,0.0001,500,50,8,0.9733,0.9780,240,lr_wd_seed_batched
Physics_GPRGNN_K4_H64_lr0.005_wd0.0001_e500_p50_s9,Physics,GPRGNN,4,64,0.005,0.0001,500,50,9,0.9727,0.9757,198,lr_wd_seed_batched
Physics_GPRGNN_K4_H64_lr0.005_wd0_e500_p50_s0,Physics,GPRGNN,4,64,0.005,0.0,500,50,0,0.9722,0.9771,161,lr_wd_seed_batched
Physics_GPRGNN_K4_H64_lr0.005_wd0_e500_p50_s1,Physics,GPRGNN,4,64,0.005,0.0,500,50,1,0.9719,0.9794,204,lr_wd_seed_batched
Physics_GPRGNN_K4_H64_lr0.005_wd0_e500_p50_s2,Physics,GPRGNN,4,64,0.005,0.0,500,50,2,0.9733,0.9777,230,lr_wd_seed_batched
Physics_GPRGNN_K4_H64_lr0.005_wd0_e500_p50_s3,Physics,GPRGNN,4,64,0.005,0.0,500,50,3,0.9725,0.9783,155,lr_wd_seed_batched
Physics_GPRGNN_K4_H64_lr0.005_wd0_e500_p50_s4,Physics,GPRGNN,4,64,0.005,0.0,500,50,4,0.9713,0.9774,147,lr_wd_seed_batched
Physics_GPRGNN_K4_H64_lr0.005_wd0_e500_p50_s5,Physics,GPRGNN,4,64,0.005,0.0,500,50,5,0.9725,0.9774,156,lr_wd_seed_batched
Physics_GPRGNN_K4_H64_lr0.005_wd0_e500_p50_s6,Physics,GPRGNN,4,64,0.005,0.0,500,50,6,0.9730,0.9788,182,lr_wd_seed_batched
Physics_GPRGNN_K4_H64_lr0.005_wd0_e500_p50_s7,Physics,GPRGNN,4,64,0.005,0.0,500,50,7,0.9725,0.9780,224,lr_wd_seed_batched
Physics_GPRGNN_K4_H64_lr0.005_wd0_e500_p50_s8,Physics,GPRGNN,4,64,0.005,0.0,500,50,8,0.9727,0.9777,160,lr_wd_seed_batched
Physics_GPRGNN_K4_H64_lr0.005_wd0_e500_p50_s9,Physics,GPRGNN,4,64,0.005,0.0,500,50,9,0.9719,0.9780,149,lr_wd_seed_batched
Physics_GPRGNN_K4_H64_lr0.001_wd0.0005_e500_p50_s0,Physics,GPRGNN,4,64,0.001,0.0005,500,50,0,0.9646,0.9681,158,lr_wd_seed_batched
Physics_GPRGNN_K4_H64_lr0.001_wd0.0005_e500_p50_s1,Physics,GPRGNN,4,64,0.001,0.0005,500,50,1,0.9638,0.9655,142,lr_wd_seed_batched
Physics_GPRGNN_K4_H64_lr0.001_wd0.0005_e500_p50_s2,Physics,GPRGNN,4,64,0.001,0.0005,500,50,2,0.9652,0.9684,151,lr_wd_seed_batched
Physics_GPRGNN_K4_H64_lr0.001_wd0.0005_e500_p50_s3,Physics,GPRGNN,4,64,0.001,0.0005,500,50,3,0.9681,0.9736,416,lr_wd_seed_batched
Physics_GPRGNN_K4_H64_lr0.001_wd0.0005_e500_p50_s4,Physics,GPRGNN,4,64,0.001,0.0005,500,50,4,0.9649,0.9670,142,lr_wd_seed_batched
Physics_GPRGNN_K4_H64_lr0.001_wd0.0005_e500_p50_s5,Physics,GPRGNN,4,64,0.001,0.0005,500,50,5,0.9643,0.9661,133,lr_wd_seed_batched
Physics_GPRGNN_K4_H64_lr0.001_wd0.0005_e500_p50_s6,Physics,GPRGNN,4,64,0.001,0.0005,500,50,6,0.9646,0.9675,159,lr_wd_seed_batched
Physics_GPRGNN_K4_H64_lr0.001_wd0.0005_e500_p50_s7,Physics,GPRGNN,4,64,0.001,0.0005,500,50,7,0.9643,0.9681,153,lr_wd_seed_batched
Physics_GPRGNN_K4_H64_lr0.001_wd0.0005_e500_p50_s8,Physics,GPRGNN,4,64,0.001,0.0005,500,50,8,0.9640,0.9699,170,lr_wd_seed_batched
Physics_GPRGNN_K4_H64_lr0.001_wd0.0005_e500_p50_s9,Physics,GPRGNN,4,64,0.001,0.0005,500,50,9,0.9646,0.9678,152,lr_wd_seed_batched
Physics_GPRGNN_K4_H64_lr0.001_wd0.0001_e500_p50_s0,Physics,GPRGNN,4,64,0.001,0.0001,500,50,0,0.9681,0.9728,277,lr_wd_seed_batched
Physics_GPRGNN_K4_H64_lr0.001_wd0.0001_e500_p50_s1,Physics,GPRGNN,4,64,0.001,0.0001,500,50,1,0.9684,0.9733,280,lr_wd_seed_batched
Physics_GPRGNN_K4_H64_lr0.001_wd0.0001_e500_p50_s2,Physics,GPRGNN,4,64,0.001,0.0001,500,50,2,0.9687,0.9748,313,lr_wd_seed_batched
Physics_GPRGNN_K4_H64_lr0.001_wd0.0001_e500_p50_s3,Physics,GPRGNN,4,64,0.001,0.0001,500,50,3,0.9687,0.9739,296,lr_wd_seed_batched
Physics_GPRGNN_K4_H64_lr0.001_wd0.0001_e500_p50_s4,Physics,GPRGNN,4,64,0.001,0.0001,500,50,4,0.9681,0.9719,263,lr_wd_seed_batched
Physics_GPRGNN_K4_H64_lr0.001_wd0.0001_e500_p50_s5,Physics,GPRGNN,4,64,0.001,0.0001,500,50,5,0.9684,0.9722,249,lr_wd_seed_batched
Physics_GPRGNN_K4_H64_lr0.001_wd0.0001_e500_p50_s6,Physics,GPRGNN,4,64,0.001,0.0001,500,50,6,0.9687,0.9733,291,lr_wd_seed_batched
Physics_GPRGNN_K4_H64_lr0.001_wd0.0001_e500_p50_s7,Physics,GPRGNN,4,64,0.001,0.0001,500,50,7,0.9646,0.9670,139,lr_wd_seed_batched
Physics_GPRGNN_K4_H64_lr0.001_wd0.0001_e500_p50_s8,Physics,GPRGNN,4,64,0.001,0.0001,500,50,8,0.9681,0.9725,263,lr_wd_seed_batched
Physics_GPRGNN_K4_H64_lr0.001_wd0.0001_e500_p50_s9,Physics,GPRGNN,4,64,0.001,0.0001,500,50,9,0.9701,0.9748,337,lr_wd_seed_batched
Physics_GPRGNN_K4_H64_lr0.001_wd0_e500_p50_s0,Physics,GPRGNN,4,64,0.001,0.0,500,50,0,0.9713,0.9777,405,lr_wd_seed_batched
Physics_GPRGNN_K4_H64_lr0.001_wd0_e500_p50_s1,Physics,GPRGNN,4,64,0.001,0.0,500,50,1,0.9710,0.9768,369,lr_wd_seed_batched
Physics_GPRGNN_K4_H64_lr0.001_wd0_e500_p50_s2,Physics,GPRGNN,4,64,0.001,0.0,500,50,2,0.9710,0.9780,380,lr_wd_seed_batched
Physics_GPRGNN_K4_H64_lr0.001_wd0_e500_p50_s3,Physics,GPRGNN,4,64,0.001,0.0,500,50,3,0.9710,0.9771,361,lr_wd_seed_batched
Physics_GPRGNN_K4_H64_lr0.001_wd0_e500_p50_s4,Physics,GPRGNN,4,64,0.001,0.0,500,50,4,0.9713,0.9768,349,lr_wd_seed_batched
Physics_GPRGNN_K4_H64_lr0.001_wd0_e500_p50_s5,Physics,GPRGNN,4,64,0.001,0.0,500,50,5,0.9716,0.9780,375,lr_wd_seed_batched
Physics_GPRGNN_K4_H64_lr0.001_wd0_e500_p50_s6,Physics,GPRGNN,4,64,0.001,0.0,500,50,6,0.9707,0.9768,350,lr_wd_seed_batched
Physics_GPRGNN_K4_H64_lr0.001_wd0_e500_p50_s7,Physics,GPRGNN,4,64,0.001,0.0,500,50,7,0.9710,0.9771,395,lr_wd_seed_batched
Physics_GPRGNN_K4_H64_lr0.001_wd0_e500_p50_s8,Physics,GPRGNN,4,64,0.001,0.0,500,50,8,0.9716,0.9777,402,lr_wd_seed_batched
Physics_GPRGNN_K4_H64_lr0.001_wd0_e500_p50_s9,Physics,GPRGNN,4,64,0.001,0.0,500,50,9,0.9707,0.9786,399,lr_wd_seed_batched
Physics_GPRGNN_K4_H128_lr0.01_wd0.0005_e500_p50_s0,Physics,GPRGNN,4,128,0.01,0.0005,500,50,0,0.9774,0.9803,335,lr_wd_seed_batched
Physics_GPRGNN_K4_H128_lr0.01_wd0.0005_e500_p50_s1,Physics,GPRGNN,4,128,0.01,0.0005,500,50,1,0.9768,0.9794,339,lr_wd_seed_batched
Physics_GPRGNN_K4_H128_lr0.01_wd0.0005_e500_p50_s2,Physics,GPRGNN,4,128,0.01,0.0005,500,50,2,0.9751,0.9788,235,lr_wd_seed_batched
Physics_GPRGNN_K4_H128_lr0.01_wd0.0005_e500_p50_s3,Physics,GPRGNN,4,128,0.01,0.0005,500,50,3,0.9762,0.9809,311,lr_wd_seed_batched
Physics_GPRGNN_K4_H128_lr0.01_wd0.0005_e500_p50_s4,Physics,GPRGNN,4,128,0.01,0.0005,500,50,4,0.9754,0.9806,260,lr_wd_seed_batched
Physics_GPRGNN_K4_H128_lr0.01_wd0.0005_e500_p50_s5,Physics,GPRGNN,4,128,0.01,0.0005,500,50,5,0.9745,0.9791,242,lr_wd_seed_batched
Physics_GPRGNN_K4_H128_lr0.01_wd0.0005_e500_p50_s6,Physics,GPRGNN,4,128,0.01,0.0005,500,50,6,0.9754,0.9791,231,lr_wd_seed_batched
Physics_GPRGNN_K4_H128_lr0.01_wd0.0005_e500_p50_s7,Physics,GPRGNN,4,128,0.01,0.0005,500,50,7,0.9762,0.9823,280,lr_wd_seed_batched
Physics_GPRGNN_K4_H128_lr0.01_wd0.0005_e500_p50_s8,Physics,GPRGNN,4,128,0.01,0.0005,500,50,8,0.9742,0.9774,191,lr_wd_seed_batched
Physics_GPRGNN_K4_H128_lr0.01_wd0.0005_e500_p50_s9,Physics,GPRGNN,4,128,0.01,0.0005,500,50,9,0.9725,0.9742,136,lr_wd_seed_batched
Physics_GPRGNN_K4_H128_lr0.01_wd0.0001_e500_p50_s0,Physics,GPRGNN,4,128,0.01,0.0001,500,50,0,0.9765,0.9791,244,lr_wd_seed_batched
Physics_GPRGNN_K4_H128_lr0.01_wd0.0001_e500_p50_s1,Physics,GPRGNN,4,128,0.01,0.0001,500,50,1,0.9765,0.9817,276,lr_wd_seed_batched
Physics_GPRGNN_K4_H128_lr0.01_wd0.0001_e500_p50_s2,Physics,GPRGNN,4,128,0.01,0.0001,500,50,2,0.9774,0.9806,337,lr_wd_seed_batched
Physics_GPRGNN_K4_H128_lr0.01_wd0.0001_e500_p50_s3,Physics,GPRGNN,4,128,0.01,0.0001,500,50,3,0.9765,0.9791,271,lr_wd_seed_batched
Physics_GPRGNN_K4_H128_lr0.01_wd0.0001_e500_p50_s4,Physics,GPRGNN,4,128,0.01,0.0001,500,50,4,0.9745,0.9786,184,lr_wd_seed_batched
Physics_GPRGNN_K4_H128_lr0.01_wd0.0001_e500_p50_s5,Physics,GPRGNN,4,128,0.01,0.0001,500,50,5,0.9756,0.9797,204,lr_wd_seed_batched
Physics_GPRGNN_K4_H128_lr0.01_wd0.0001_e500_p50_s6,Physics,GPRGNN,4,128,0.01,0.0001,500,50,6,0.9745,0.9780,149,lr_wd_seed_batched
Physics_GPRGNN_K4_H128_lr0.01_wd0.0001_e500_p50_s7,Physics,GPRGNN,4,128,0.01,0.0001,500,50,7,0.9751,0.9786,168,lr_wd_seed_batched
Physics_GPRGNN_K4_H128_lr0.01_wd0.0001_e500_p50_s8,Physics,GPRGNN,4,128,0.01,0.0001,500,50,8,0.9771,0.9809,308,lr_wd_seed_batched
Physics_GPRGNN_K4_H128_lr0.01_wd0.0001_e500_p50_s9,Physics,GPRGNN,4,128,0.01,0.0001,500,50,9,0.9768,0.9788,210,lr_wd_seed_batched
Physics_GPRGNN_K4_H128_lr0.01_wd0_e500_p50_s0,Physics,GPRGNN,4,128,0.01,0.0,500,50,0,0.9739,0.9783,111,lr_wd_seed_batched
Physics_GPRGNN_K4_H128_lr0.01_wd0_e500_p50_s1,Physics,GPRGNN,4,128,0.01,0.0,500,50,1,0.9739,0.9777,123,lr_wd_seed_batched
Physics_GPRGNN_K4_H128_lr0.01_wd0_e500_p50_s2,Physics,GPRGNN,4,128,0.01,0.0,500,50,2,0.9736,0.9765,103,lr_wd_seed_batched
Physics_GPRGNN_K4_H128_lr0.01_wd0_e500_p50_s3,Physics,GPRGNN,4,128,0.01,0.0,500,50,3,0.9745,0.9774,121,lr_wd_seed_batched
Physics_GPRGNN_K4_H128_lr0.01_wd0_e500_p50_s4,Physics,GPRGNN,4,128,0.01,0.0,500,50,4,0.9733,0.9759,102,lr_wd_seed_batched
Physics_GPRGNN_K4_H128_lr0.01_wd0_e500_p50_s5,Physics,GPRGNN,4,128,0.01,0.0,500,50,5,0.9748,0.9780,130,lr_wd_seed_batched
Physics_GPRGNN_K4_H128_lr0.01_wd0_e500_p50_s6,Physics,GPRGNN,4,128,0.01,0.0,500,50,6,0.9748,0.9788,156,lr_wd_seed_batched
Physics_GPRGNN_K4_H128_lr0.01_wd0_e500_p50_s7,Physics,GPRGNN,4,128,0.01,0.0,500,50,7,0.9733,0.9780,116,lr_wd_seed_batched
Physics_GPRGNN_K4_H128_lr0.01_wd0_e500_p50_s8,Physics,GPRGNN,4,128,0.01,0.0,500,50,8,0.9748,0.9774,125,lr_wd_seed_batched
Physics_GPRGNN_K4_H128_lr0.01_wd0_e500_p50_s9,Physics,GPRGNN,4,128,0.01,0.0,500,50,9,0.9730,0.9759,102,lr_wd_seed_batched
Physics_GPRGNN_K4_H128_lr0.005_wd0.0005_e500_p50_s0,Physics,GPRGNN,4,128,0.005,0.0005,500,50,0,0.9754,0.9794,388,lr_wd_seed_batched
Physics_GPRGNN_K4_H128_lr0.005_wd0.0005_e500_p50_s1,Physics,GPRGNN,4,128,0.005,0.0005,500,50,1,0.9774,0.9786,434,lr_wd_seed_batched
Physics_GPRGNN_K4_H128_lr0.005_wd0.0005_e500_p50_s2,Physics,GPRGNN,4,128,0.005,0.0005,500,50,2,0.9722,0.9768,230,lr_wd_seed_batched
Physics_GPRGNN_K4_H128_lr0.005_wd0.0005_e500_p50_s3,Physics,GPRGNN,4,128,0.005,0.0005,500,50,3,0.9727,0.9771,294,lr_wd_seed_batched
Physics_GPRGNN_K4_H128_lr0.005_wd0.0005_e500_p50_s4,Physics,GPRGNN,4,128,0.005,0.0005,500,50,4,0.9722,0.9774,263,lr_wd_seed_batched
Physics_GPRGNN_K4_H128_lr0.005_wd0.0005_e500_p50_s5,Physics,GPRGNN,4,128,0.005,0.0005,500,50,5,0.9719,0.9754,193,lr_wd_seed_batched
Physics_GPRGNN_K4_H128_lr0.005_wd0.0005_e500_p50_s6,Physics,GPRGNN,4,128,0.005,0.0005,500,50,6,0.9716,0.9759,216,lr_wd_seed_batched
Physics_GPRGNN_K4_H128_lr0.005_wd0.0005_e500_p50_s7,Physics,GPRGNN,4,128,0.005,0.0005,500,50,7,0.9716,0.9762,223,lr_wd_seed_batched
Physics_GPRGNN_K4_H128_lr0.005_wd0.0005_e500_p50_s8,Physics,GPRGNN,4,128,0.005,0.0005,500,50,8,0.9733,0.9774,270,lr_wd_seed_batched
Physics_GPRGNN_K4_H128_lr0.005_wd0.0005_e500_p50_s9,Physics,GPRGNN,4,128,0.005,0.0005,500,50,9,0.9742,0.9800,354,lr_wd_seed_batched
Physics_GPRGNN_K4_H128_lr0.005_wd0.0001_e500_p50_s0,Physics,GPRGNN,4,128,0.005,0.0001,500,50,0,0.9768,0.9794,391,lr_wd_seed_batched
Physics_GPRGNN_K4_H128_lr0.005_wd0.0001_e500_p50_s1,Physics,GPRGNN,4,128,0.005,0.0001,500,50,1,0.9745,0.9797,241,lr_wd_seed_batched
Physics_GPRGNN_K4_H128_lr0.005_wd0.0001_e500_p50_s2,Physics,GPRGNN,4,128,0.005,0.0001,500,50,2,0.9756,0.9797,331,lr_wd_seed_batched
Physics_GPRGNN_K4_H128_lr0.005_wd0.0001_e500_p50_s3,Physics,GPRGNN,4,128,0.005,0.0001,500,50,3,0.9751,0.9791,259,lr_wd_seed_batched
Physics_GPRGNN_K4_H128_lr0.005_wd0.0001_e500_p50_s4,Physics,GPRGNN,4,128,0.005,0.0001,500,50,4,0.9759,0.9803,337,lr_wd_seed_batched
Physics_GPRGNN_K4_H128_lr0.005_wd0.0001_e500_p50_s5,Physics,GPRGNN,4,128,0.005,0.0001,500,50,5,0.9748,0.9794,284,lr_wd_seed_batched
Physics_GPRGNN_K4_H128_lr0.005_wd0.0001_e500_p50_s6,Physics,GPRGNN,4,128,0.005,0.0001,500,50,6,0.9725,0.9757,167,lr_wd_seed_batched
Physics_GPRGNN_K4_H128_lr0.005_wd0.0001_e500_p50_s7,Physics,GPRGNN,4,128,0.005,0.0001,500,50,7,0.9759,0.9794,319,lr_wd_seed_batched
Physics_GPRGNN_K4_H128_lr0.005_wd0.0001_e500_p50_s8,Physics,GPRGNN,4,128,0.005,0.0001,500,50,8,0.9736,0.9771,193,lr_wd_seed_batched
Physics_GPRGNN_K4_H128_lr0.005_wd0.0001_e500_p50_s9,Physics,GPRGNN,4,128,0.005,0.0001,500,50,9,0.9748,0.9794,240,lr_wd_seed_batched
Physics_GPRGNN_K4_H128_lr0.005_wd0_e500_p50_s0,Physics,GPRGNN,4,128,0.005,0.0,500,50,0,0.9727,0.9768,169,lr_wd_seed_batched
Physics_GPRGNN_K4_H128_lr0.005_wd0_e500_p50_s1,Physics,GPRGNN,4,128,0.005,0.0,500,50,1,0.9727,0.9780,209,lr_wd_seed_batched
Physics_GPRGNN_K4_H128_lr0.005_wd0_e500_p50_s2,Physics,GPRGNN,4,128,0.005,0.0,500,50,2,0.9748,0.9783,285,lr_wd_seed_batched
Physics_GPRGNN_K4_H128_lr0.005_wd0_e500_p50_s3,Physics,GPRGNN,4,128,0.005,0.0,500,50,3,0.9722,0.9765,127,lr_wd_seed_batched
Physics_GPRGNN_K4_H128_lr0.005_wd0_e500_p50_s4,Physics,GPRGNN,4,128,0.005,0.0,500,50,4,0.9722,0.9771,138,lr_wd_seed_batched
Physics_GPRGNN_K4_H128_lr0.005_wd0_e500_p50_s5,Physics,GPRGNN,4,128,0.005,0.0,500,50,5,0.9730,0.9783,171,lr_wd_seed_batched
Physics_GPRGNN_K4_H128_lr0.005_wd0_e500_p50_s6,Physics,GPRGNN,4,128,0.005,0.0,500,50,6,0.9733,0.9777,166,lr_wd_seed_batched
Physics_GPRGNN_K4_H128_lr0.005_wd0_e500_p50_s7,Physics,GPRGNN,4,128,0.005,0.0,500,50,7,0.9736,0.9777,191,lr_wd_seed_batched
Physics_GPRGNN_K4_H128_lr0.005_wd0_e500_p50_s8,Physics,GPRGNN,4,128,0.005,0.0,500,50,8,0.9739,0.9771,189,lr_wd_seed_batched
Physics_GPRGNN_K4_H128_lr0.005_wd0_e500_p50_s9,Physics,GPRGNN,4,128,0.005,0.0,500,50,9,0.9730,0.9774,179,lr_wd_seed_batched
Physics_GPRGNN_K4_H128_lr0.001_wd0.0005_e500_p50_s0,Physics,GPRGNN,4,128,0.001,0.0005,500,50,0,0.9681,0.9751,373,lr_wd_seed_batched
Physics_GPRGNN_K4_H128_lr0.001_wd0.0005_e500_p50_s1,Physics,GPRGNN,4,128,0.001,0.0005,500,50,1,0.9678,0.9733,337,lr_wd_seed_batched
Physics_GPRGNN_K4_H128_lr0.001_wd0.0005_e500_p50_s2,Physics,GPRGNN,4,128,0.001,0.0005,500,50,2,0.9690,0.9736,448,lr_wd_seed_batched
Physics_GPRGNN_K4_H128_lr0.001_wd0.0005_e500_p50_s3,Physics,GPRGNN,4,128,0.001,0.0005,500,50,3,0.9681,0.9739,323,lr_wd_seed_batched
Physics_GPRGNN_K4_H128_lr0.001_wd0.0005_e500_p50_s4,Physics,GPRGNN,4,128,0.001,0.0005,500,50,4,0.9684,0.9736,356,lr_wd_seed_batched
Physics_GPRGNN_K4_H128_lr0.001_wd0.0005_e500_p50_s5,Physics,GPRGNN,4,128,0.001,0.0005,500,50,5,0.9646,0.9701,165,lr_wd_seed_batched
Physics_GPRGNN_K4_H128_lr0.001_wd0.0005_e500_p50_s6,Physics,GPRGNN,4,128,0.001,0.0005,500,50,6,0.9678,0.9739,350,lr_wd_seed_batched
Physics_GPRGNN_K4_H128_lr0.001_wd0.0005_e500_p50_s7,Physics,GPRGNN,4,128,0.001,0.0005,500,50,7,0.9678,0.9739,359,lr_wd_seed_batched
Physics_GPRGNN_K4_H128_lr0.001_wd0.0005_e500_p50_s8,Physics,GPRGNN,4,128,0.001,0.0005,500,50,8,0.9675,0.9739,292,lr_wd_seed_batched
Physics_GPRGNN_K4_H128_lr0.001_wd0.0005_e500_p50_s9,Physics,GPRGNN,4,128,0.001,0.0005,500,50,9,0.9675,0.9745,319,lr_wd_seed_batched
Physics_GPRGNN_K4_H128_lr0.001_wd0.0001_e500_p50_s0,Physics,GPRGNN,4,128,0.001,0.0001,500,50,0,0.9698,0.9754,369,lr_wd_seed_batched
Physics_GPRGNN_K4_H128_lr0.001_wd0.0001_e500_p50_s1,Physics,GPRGNN,4,128,0.001,0.0001,500,50,1,0.9696,0.9757,341,lr_wd_seed_batched
Physics_GPRGNN_K4_H128_lr0.001_wd0.0001_e500_p50_s2,Physics,GPRGNN,4,128,0.001,0.0001,500,50,2,0.9672,0.9730,222,lr_wd_seed_batched
Physics_GPRGNN_K4_H128_lr0.001_wd0.0001_e500_p50_s3,Physics,GPRGNN,4,128,0.001,0.0001,500,50,3,0.9678,0.9716,213,lr_wd_seed_batched
Physics_GPRGNN_K4_H128_lr0.001_wd0.0001_e500_p50_s4,Physics,GPRGNN,4,128,0.001,0.0001,500,50,4,0.9698,0.9762,325,lr_wd_seed_batched
Physics_GPRGNN_K4_H128_lr0.001_wd0.0001_e500_p50_s5,Physics,GPRGNN,4,128,0.001,0.0001,500,50,5,0.9681,0.9736,261,lr_wd_seed_batched
Physics_GPRGNN_K4_H128_lr0.001_wd0.0001_e500_p50_s6,Physics,GPRGNN,4,128,0.001,0.0001,500,50,6,0.9693,0.9751,351,lr_wd_seed_batched
Physics_GPRGNN_K4_H128_lr0.001_wd0.0001_e500_p50_s7,Physics,GPRGNN,4,128,0.001,0.0001,500,50,7,0.9678,0.9733,246,lr_wd_seed_batched
Physics_GPRGNN_K4_H128_lr0.001_wd0.0001_e500_p50_s8,Physics,GPRGNN,4,128,0.001,0.0001,500,50,8,0.9684,0.9736,247,lr_wd_seed_batched
Physics_GPRGNN_K4_H128_lr0.001_wd0.0001_e500_p50_s9,Physics,GPRGNN,4,128,0.001,0.0001,500,50,9,0.9693,0.9759,335,lr_wd_seed_batched
Physics_GPRGNN_K4_H128_lr0.001_wd0_e500_p50_s0,Physics,GPRGNN,4,128,0.001,0.0,500,50,0,0.9707,0.9765,304,lr_wd_seed_batched
Physics_GPRGNN_K4_H128_lr0.001_wd0_e500_p50_s1,Physics,GPRGNN,4,128,0.001,0.0,500,50,1,0.9710,0.9765,304,lr_wd_seed_batched
Physics_GPRGNN_K4_H128_lr0.001_wd0_e500_p50_s2,Physics,GPRGNN,4,128,0.001,0.0,500,50,2,0.9710,0.9771,301,lr_wd_seed_batched
Physics_GPRGNN_K4_H128_lr0.001_wd0_e500_p50_s3,Physics,GPRGNN,4,128,0.001,0.0,500,50,3,0.9716,0.9777,322,lr_wd_seed_batched
Physics_GPRGNN_K4_H128_lr0.001_wd0_e500_p50_s4,Physics,GPRGNN,4,128,0.001,0.0,500,50,4,0.9707,0.9768,308,lr_wd_seed_batched
Physics_GPRGNN_K4_H128_lr0.001_wd0_e500_p50_s5,Physics,GPRGNN,4,128,0.001,0.0,500,50,5,0.9713,0.9774,323,lr_wd_seed_batched
Physics_GPRGNN_K4_H128_lr0.001_wd0_e500_p50_s6,Physics,GPRGNN,4,128,0.001,0.0,500,50,6,0.9716,0.9774,370,lr_wd_seed_batched
Physics_GPRGNN_K4_H128_lr0.001_wd0_e500_p50_s7,Physics,GPRGNN,4,128,0.001,0.0,500,50,7,0.9710,0.9771,342,lr_wd_seed_batched
Physics_GPRGNN_K4_H128_lr0.001_wd0_e500_p50_s8,Physics,GPRGNN,4,128,0.001,0.0,500,50,8,0.9710,0.9771,327,lr_wd_seed_batched
Physics_GPRGNN_K4_H128_lr0.001_wd0_e500_p50_s9,Physics,GPRGNN,4,128,0.001,0.0,500,50,9,0.9707,0.9774,317,lr_wd_seed_batched
Physics_GPRGNN_K10_H64_lr0.01_wd0.0005_e500_p50_s0,Physics,GPRGNN,10,64,0.01,0.0005,500,50,0,0.9756,0.9803,362,lr_wd_seed_batched
Physics_GPRGNN_K10_H64_lr0.01_wd0.0005_e500_p50_s1,Physics,GPRGNN,10,64,0.01,0.0005,500,50,1,0.9751,0.9788,350,lr_wd_seed_batched
Physics_GPRGNN_K10_H64_lr0.01_wd0.0005_e500_p50_s2,Physics,GPRGNN,10,64,0.01,0.0005,500,50,2,0.9725,0.9786,224,lr_wd_seed_batched
Physics_GPRGNN_K10_H64_lr0.01_wd0.0005_e500_p50_s3,Physics,GPRGNN,10,64,0.01,0.0005,500,50,3,0.9719,0.9762,190,lr_wd_seed_batched
Physics_GPRGNN_K10_H64_lr0.01_wd0.0005_e500_p50_s4,Physics,GPRGNN,10,64,0.01,0.0005,500,50,4,0.9739,0.9774,296,lr_wd_seed_batched
Physics_GPRGNN_K10_H64_lr0.01_wd0.0005_e500_p50_s5,Physics,GPRGNN,10,64,0.01,0.0005,500,50,5,0.9716,0.9754,172,lr_wd_seed_batched
Physics_GPRGNN_K10_H64_lr0.01_wd0.0005_e500_p50_s6,Physics,GPRGNN,10,64,0.01,0.0005,500,50,6,0.9745,0.9794,300,lr_wd_seed_batched
Physics_GPRGNN_K10_H64_lr0.01_wd0.0005_e500_p50_s7,Physics,GPRGNN,10,64,0.01,0.0005,500,50,7,0.9751,0.9774,348,lr_wd_seed_batched
Physics_GPRGNN_K10_H64_lr0.01_wd0.0005_e500_p50_s8,Physics,GPRGNN,10,64,0.01,0.0005,500,50,8,0.9727,0.9768,257,lr_wd_seed_batched
Physics_GPRGNN_K10_H64_lr0.01_wd0.0005_e500_p50_s9,Physics,GPRGNN,10,64,0.01,0.0005,500,50,9,0.9722,0.9771,206,lr_wd_seed_batched
Physics_GPRGNN_K10_H64_lr0.01_wd0.0001_e500_p50_s0,Physics,GPRGNN,10,64,0.01,0.0001,500,50,0,0.9739,0.9771,202,lr_wd_seed_batched
Physics_GPRGNN_K10_H64_lr0.01_wd0.0001_e500_p50_s1,Physics,GPRGNN,10,64,0.01,0.0001,500,50,1,0.9762,0.9800,321,lr_wd_seed_batched
Physics_GPRGNN_K10_H64_lr0.01_wd0.0001_e500_p50_s2,Physics,GPRGNN,10,64,0.01,0.0001,500,50,2,0.9736,0.9786,170,lr_wd_seed_batched
Physics_GPRGNN_K10_H64_lr0.01_wd0.0001_e500_p50_s3,Physics,GPRGNN,10,64,0.01,0.0001,500,50,3,0.9751,0.9803,243,lr_wd_seed_batched
Physics_GPRGNN_K10_H64_lr0.01_wd0.0001_e500_p50_s4,Physics,GPRGNN,10,64,0.01,0.0001,500,50,4,0.9754,0.9794,262,lr_wd_seed_batched
Physics_GPRGNN_K10_H64_lr0.01_wd0.0001_e500_p50_s5,Physics,GPRGNN,10,64,0.01,0.0001,500,50,5,0.9780,0.9803,359,lr_wd_seed_batched
Physics_GPRGNN_K10_H64_lr0.01_wd0.0001_e500_p50_s6,Physics,GPRGNN,10,64,0.01,0.0001,500,50,6,0.9742,0.9777,188,lr_wd_seed_batched
Physics_GPRGNN_K10_H64_lr0.01_wd0.0001_e500_p50_s7,Physics,GPRGNN,10,64,0.01,0.0001,500,50,7,0.9765,0.9809,278,lr_wd_seed_batched
Physics_GPRGNN_K10_H64_lr0.01_wd0.0001_e500_p50_s8,Physics,GPRGNN,10,64,0.01,0.0001,500,50,8,0.9768,0.9803,328,lr_wd_seed_batched
Physics_GPRGNN_K10_H64_lr0.01_wd0.0001_e500_p50_s9,Physics,GPRGNN,10,64,0.01,0.0001,500,50,9,0.9771,0.9788,339,lr_wd_seed_batched
Physics_GPRGNN_K10_H64_lr0.01_wd0_e500_p50_s0,Physics,GPRGNN,10,64,0.01,0.0,500,50,0,0.9730,0.9777,122,lr_wd_seed_batched
Physics_GPRGNN_K10_H64_lr0.01_wd0_e500_p50_s1,Physics,GPRGNN,10,64,0.01,0.0,500,50,1,0.9742,0.9794,132,lr_wd_seed_batched
Physics_GPRGNN_K10_H64_lr0.01_wd0_e500_p50_s2,Physics,GPRGNN,10,64,0.01,0.0,500,50,2,0.9733,0.9774,137,lr_wd_seed_batched
Physics_GPRGNN_K10_H64_lr0.01_wd0_e500_p50_s3,Physics,GPRGNN,10,64,0.01,0.0,500,50,3,0.9733,0.9774,116,lr_wd_seed_batched
Physics_GPRGNN_K10_H64_lr0.01_wd0_e500_p50_s4,Physics,GPRGNN,10,64,0.01,0.0,500,50,4,0.9733,0.9788,132,lr_wd_seed_batched
Physics_GPRGNN_K10_H64_lr0.01_wd0_e500_p50_s5,Physics,GPRGNN,10,64,0.01,0.0,500,50,5,0.9745,0.9786,135,lr_wd_seed_batched
Physics_GPRGNN_K10_H64_lr0.01_wd0_e500_p50_s6,Physics,GPRGNN,10,64,0.01,0.0,500,50,6,0.9725,0.9762,112,lr_wd_seed_batched
Physics_GPRGNN_K10_H64_lr0.01_wd0_e500_p50_s7,Physics,GPRGNN,10,64,0.01,0.0,500,50,7,0.9742,0.9786,136,lr_wd_seed_batched
Physics_GPRGNN_K10_H64_lr0.01_wd0_e500_p50_s8,Physics,GPRGNN,10,64,0.01,0.0,500,50,8,0.9742,0.9786,122,lr_wd_seed_batched
Physics_GPRGNN_K10_H64_lr0.01_wd0_e500_p50_s9,Physics,GPRGNN,10,64,0.01,0.0,500,50,9,0.9742,0.9771,132,lr_wd_seed_batched
Physics_GPRGNN_K10_H64_lr0.005_wd0.0005_e500_p50_s0,Physics,GPRGNN,10,64,0.005,0.0005,500,50,0,0.9727,0.9783,432,lr_wd_seed_batched
Physics_GPRGNN_K10_H64_lr0.005_wd0.0005_e500_p50_s1,Physics,GPRGNN,10,64,0.005,0.0005,500,50,1,0.9730,0.9762,359,lr_wd_seed_batched
Physics_GPRGNN_K10_H64_lr0.005_wd0.0005_e500_p50_s2,Physics,GPRGNN,10,64,0.005,0.0005,500,50,2,0.9719,0.9768,288,lr_wd_seed_batched
Physics_GPRGNN_K10_H64_lr0.005_wd0.0005_e500_p50_s3,Physics,GPRGNN,10,64,0.005,0.0005,500,50,3,0.9687,0.9745,177,lr_wd_seed_batched
Physics_GPRGNN_K10_H64_lr0.005_wd0.0005_e500_p50_s4,Physics,GPRGNN,10,64,0.005,0.0005,500,50,4,0.9664,0.9716,122,lr_wd_seed_batched
Physics_GPRGNN_K10_H64_lr0.005_wd0.0005_e500_p50_s5,Physics,GPRGNN,10,64,0.005,0.0005,500,50,5,0.9701,0.9745,215,lr_wd_seed_batched
Physics_GPRGNN_K10_H64_lr0.005_wd0.0005_e500_p50_s6,Physics,GPRGNN,10,64,0.005,0.0005,500,50,6,0.9696,0.9739,212,lr_wd_seed_batched
Physics_GPRGNN_K10_H64_lr0.005_wd0.0005_e500_p50_s7,Physics,GPRGNN,10,64,0.005,0.0005,500,50,7,0.9713,0.9757,298,lr_wd_seed_batched
Physics_GPRGNN_K10_H64_lr0.005_wd0.0005_e500_p50_s8,Physics,GPRGNN,10,64,0.005,0.0005,500,50,8,0.9745,0.9780,395,lr_wd_seed_batched
Physics_GPRGNN_K10_H64_lr0.005_wd0.0005_e500_p50_s9,Physics,GPRGNN,10,64,0.005,0.0005,500,50,9,0.9701,0.9736,232,lr_wd_seed_batched
Physics_GPRGNN_K10_H64_lr0.005_wd0.0001_e500_p50_s0,Physics,GPRGNN,10,64,0.005,0.0001,500,50,0,0.9742,0.9780,313,lr_wd_seed_batched
Physics_GPRGNN_K10_H64_lr0.005_wd0.0001_e500_p50_s1,Physics,GPRGNN,10,64,0.005,0.0001,500,50,1,0.9730,0.9788,275,lr_wd_seed_batched
Physics_GPRGNN_K10_H64_lr0.005_wd0.0001_e500_p50_s2,Physics,GPRGNN,10,64,0.005,0.0001,500,50,2,0.9739,0.9797,328,lr_wd_seed_batched
Physics_GPRGNN_K10_H64_lr0.005_wd0.0001_e500_p50_s3,Physics,GPRGNN,10,64,0.005,0.0001,500,50,3,0.9748,0.9794,358,lr_wd_seed_batched
Physics_GPRGNN_K10_H64_lr0.005_wd0.0001_e500_p50_s4,Physics,GPRGNN,10,64,0.005,0.0001,500,50,4,0.9748,0.9783,372,lr_wd_seed_batched
Physics_GPRGNN_K10_H64_lr0.005_wd0.0001_e500_p50_s5,Physics,GPRGNN,10,64,0.005,0.0001,500,50,5,0.9727,0.9774,295,lr_wd_seed_batched
Physics_GPRGNN_K10_H64_lr0.005_wd0.0001_e500_p50_s6,Physics,GPRGNN,10,64,0.005,0.0001,500,50,6,0.9727,0.9777,280,lr_wd_seed_batched
Physics_GPRGNN_K10_H64_lr0.005_wd0.0001_e500_p50_s7,Physics,GPRGNN,10,64,0.005,0.0001,500,50,7,0.9754,0.9791,451,lr_wd_seed_batched
Physics_GPRGNN_K10_H64_lr0.005_wd0.0001_e500_p50_s8,Physics,GPRGNN,10,64,0.005,0.0001,500,50,8,0.9759,0.9777,401,lr_wd_seed_batched
Physics_GPRGNN_K10_H64_lr0.005_wd0.0001_e500_p50_s9,Physics,GPRGNN,10,64,0.005,0.0001,500,50,9,0.9730,0.9771,288,lr_wd_seed_batched
Physics_GPRGNN_K10_H64_lr0.005_wd0_e500_p50_s0,Physics,GPRGNN,10,64,0.005,0.0,500,50,0,0.9736,0.9765,268,lr_wd_seed_batched
Physics_GPRGNN_K10_H64_lr0.005_wd0_e500_p50_s1,Physics,GPRGNN,10,64,0.005,0.0,500,50,1,0.9730,0.9777,202,lr_wd_seed_batched
Physics_GPRGNN_K10_H64_lr0.005_wd0_e500_p50_s2,Physics,GPRGNN,10,64,0.005,0.0,500,50,2,0.9736,0.9777,197,lr_wd_seed_batched
Physics_GPRGNN_K10_H64_lr0.005_wd0_e500_p50_s3,Physics,GPRGNN,10,64,0.005,0.0,500,50,3,0.9727,0.9762,202,lr_wd_seed_batched
Physics_GPRGNN_K10_H64_lr0.005_wd0_e500_p50_s4,Physics,GPRGNN,10,64,0.005,0.0,500,50,4,0.9733,0.9774,195,lr_wd_seed_batched
Physics_GPRGNN_K10_H64_lr0.005_wd0_e500_p50_s5,Physics,GPRGNN,10,64,0.005,0.0,500,50,5,0.9730,0.9788,192,lr_wd_seed_batched
Physics_GPRGNN_K10_H64_lr0.005_wd0_e500_p50_s6,Physics,GPRGNN,10,64,0.005,0.0,500,50,6,0.9725,0.9768,215,lr_wd_seed_batched
Physics_GPRGNN_K10_H64_lr0.005_wd0_e500_p50_s7,Physics,GPRGNN,10,64,0.005,0.0,500,50,7,0.9730,0.9786,202,lr_wd_seed_batched
Physics_GPRGNN_K10_H64_lr0.005_wd0_e500_p50_s8,Physics,GPRGNN,10,64,0.005,0.0,500,50,8,0.9716,0.9777,198,lr_wd_seed_batched
Physics_GPRGNN_K10_H64_lr0.005_wd0_e500_p50_s9,Physics,GPRGNN,10,64,0.005,0.0,500,50,9,0.9716,0.9759,188,lr_wd_seed_batched
Physics_GPRGNN_K10_H64_lr0.001_wd0.0005_e500_p50_s0,Physics,GPRGNN,10,64,0.001,0.0005,500,50,0,0.9635,0.9693,253,lr_wd_seed_batched
Physics_GPRGNN_K10_H64_lr0.001_wd0.0005_e500_p50_s1,Physics,GPRGNN,10,64,0.001,0.0005,500,50,1,0.9629,0.9658,179,lr_wd_seed_batched
Physics_GPRGNN_K10_H64_lr0.001_wd0.0005_e500_p50_s2,Physics,GPRGNN,10,64,0.001,0.0005,500,50,2,0.9623,0.9652,161,lr_wd_seed_batched
Physics_GPRGNN_K10_H64_lr0.001_wd0.0005_e500_p50_s3,Physics,GPRGNN,10,64,0.001,0.0005,500,50,3,0.9635,0.9699,289,lr_wd_seed_batched
Physics_GPRGNN_K10_H64_lr0.001_wd0.0005_e500_p50_s4,Physics,GPRGNN,10,64,0.001,0.0005,500,50,4,0.9629,0.9667,188,lr_wd_seed_batched
Physics_GPRGNN_K10_H64_lr0.001_wd0.0005_e500_p50_s5,Physics,GPRGNN,10,64,0.001,0.0005,500,50,5,0.9632,0.9675,225,lr_wd_seed_batched
Physics_GPRGNN_K10_H64_lr0.001_wd0.0005_e500_p50_s6,Physics,GPRGNN,10,64,0.001,0.0005,500,50,6,0.9632,0.9675,226,lr_wd_seed_batched
Physics_GPRGNN_K10_H64_lr0.001_wd0.0005_e500_p50_s7,Physics,GPRGNN,10,64,0.001,0.0005,500,50,7,0.9626,0.9661,199,lr_wd_seed_batched
Physics_GPRGNN_K10_H64_lr0.001_wd0.0005_e500_p50_s8,Physics,GPRGNN,10,64,0.001,0.0005,500,50,8,0.9669,0.9722,411,lr_wd_seed_batched
Physics_GPRGNN_K10_H64_lr0.001_wd0.0005_e500_p50_s9,Physics,GPRGNN,10,64,0.001,0.0005,500,50,9,0.9667,0.9736,476,lr_wd_seed_batched
Physics_GPRGNN_K10_H64_lr0.001_wd0.0001_e500_p50_s0,Physics,GPRGNN,10,64,0.001,0.0001,500,50,0,0.9667,0.9730,325,lr_wd_seed_batched
Physics_GPRGNN_K10_H64_lr0.001_wd0.0001_e500_p50_s1,Physics,GPRGNN,10,64,0.001,0.0001,500,50,1,0.9672,0.9730,325,lr_wd_seed_batched
Physics_GPRGNN_K10_H64_lr0.001_wd0.0001_e500_p50_s2,Physics,GPRGNN,10,64,0.001,0.0001,500,50,2,0.9667,0.9736,329,lr_wd_seed_batched
Physics_GPRGNN_K10_H64_lr0.001_wd0.0001_e500_p50_s3,Physics,GPRGNN,10,64,0.001,0.0001,500,50,3,0.9672,0.9719,331,lr_wd_seed_batched
Physics_GPRGNN_K10_H64_lr0.001_wd0.0001_e500_p50_s4,Physics,GPRGNN,10,64,0.001,0.0001,500,50,4,0.9661,0.9722,300,lr_wd_seed_batched
Physics_GPRGNN_K10_H64_lr0.001_wd0.0001_e500_p50_s5,Physics,GPRGNN,10,64,0.001,0.0001,500,50,5,0.9635,0.9687,221,lr_wd_seed_batched
Physics_GPRGNN_K10_H64_lr0.001_wd0.0001_e500_p50_s6,Physics,GPRGNN,10,64,0.001,0.0001,500,50,6,0.9643,0.9690,233,lr_wd_seed_batched
Physics_GPRGNN_K10_H64_lr0.001_wd0.0001_e500_p50_s7,Physics,GPRGNN,10,64,0.001,0.0001,500,50,7,0.9629,0.9643,155,lr_wd_seed_batched
Physics_GPRGNN_K10_H64_lr0.001_wd0.0001_e500_p50_s8,Physics,GPRGNN,10,64,0.001,0.0001,500,50,8,0.9675,0.9730,398,lr_wd_seed_batched
Physics_GPRGNN_K10_H64_lr0.001_wd0.0001_e500_p50_s9,Physics,GPRGNN,10,64,0.001,0.0001,500,50,9,0.9661,0.9745,317,lr_wd_seed_batched
Physics_GPRGNN_K10_H64_lr0.001_wd0_e500_p50_s0,Physics,GPRGNN,10,64,0.001,0.0,500,50,0,0.9687,0.9754,345,lr_wd_seed_batched
Physics_GPRGNN_K10_H64_lr0.001_wd0_e500_p50_s1,Physics,GPRGNN,10,64,0.001,0.0,500,50,1,0.9696,0.9762,422,lr_wd_seed_batched
Physics_GPRGNN_K10_H64_lr0.001_wd0_e500_p50_s2,Physics,GPRGNN,10,64,0.001,0.0,500,50,2,0.9690,0.9757,376,lr_wd_seed_batched
Physics_GPRGNN_K10_H64_lr0.001_wd0_e500_p50_s3,Physics,GPRGNN,10,64,0.001,0.0,500,50,3,0.9667,0.9716,257,lr_wd_seed_batched
Physics_GPRGNN_K10_H64_lr0.001_wd0_e500_p50_s4,Physics,GPRGNN,10,64,0.001,0.0,500,50,4,0.9704,0.9748,355,lr_wd_seed_batched
Physics_GPRGNN_K10_H64_lr0.001_wd0_e500_p50_s5,Physics,GPRGNN,10,64,0.001,0.0,500,50,5,0.9684,0.9748,314,lr_wd_seed_batched
Physics_GPRGNN_K10_H64_lr0.001_wd0_e500_p50_s6,Physics,GPRGNN,10,64,0.001,0.0,500,50,6,0.9690,0.9774,336,lr_wd_seed_batched
Physics_GPRGNN_K10_H64_lr0.001_wd0_e500_p50_s7,Physics,GPRGNN,10,64,0.001,0.0,500,50,7,0.9684,0.9757,343,lr_wd_seed_batched
Physics_GPRGNN_K10_H64_lr0.001_wd0_e500_p50_s8,Physics,GPRGNN,10,64,0.001,0.0,500,50,8,0.9698,0.9777,453,lr_wd_seed_batched
Physics_GPRGNN_K10_H64_lr0.001_wd0_e500_p50_s9,Physics,GPRGNN,10,64,0.001,0.0,500,50,9,0.9698,0.9762,450,lr_wd_seed_batched
Physics_GPRGNN_K10_H128_lr0.01_wd0.0005_e500_p50_s0,Physics,GPRGNN,10,128,0.01,0.0005,500,50,0,0.9756,0.9794,308,lr_wd_seed_batched
Physics_GPRGNN_K10_H128_lr0.01_wd0.0005_e500_p50_s1,Physics,GPRGNN,10,128,0.01,0.0005,500,50,1,0.9727,0.9759,182,lr_wd_seed_batched
Physics_GPRGNN_K10_H128_lr0.01_wd0.0005_e500_p50_s2,Physics,GPRGNN,10,128,0.01,0.0005,500,50,2,0.9739,0.9786,263,lr_wd_seed_batched
Physics_GPRGNN_K10_H128_lr0.01_wd0.0005_e500_p50_s3,Physics,GPRGNN,10,128,0.01,0.0005,500,50,3,0.9742,0.9794,234,lr_wd_seed_batched
Physics_GPRGNN_K10_H128_lr0.01_wd0.0005_e500_p50_s4,Physics,GPRGNN,10,128,0.01,0.0005,500,50,4,0.9748,0.9794,296,lr_wd_seed_batched
Physics_GPRGNN_K10_H128_lr0.01_wd0.0005_e500_p50_s5,Physics,GPRGNN,10,128,0.01,0.0005,500,50,5,0.9762,0.9800,377,lr_wd_seed_batched
Physics_GPRGNN_K10_H128_lr0.01_wd0.0005_e500_p50_s6,Physics,GPRGNN,10,128,0.01,0.0005,500,50,6,0.9756,0.9791,263,lr_wd_seed_batched
Physics_GPRGNN_K10_H128_lr0.01_wd0.0005_e500_p50_s7,Physics,GPRGNN,10,128,0.01,0.0005,500,50,7,0.9748,0.9800,288,lr_wd_seed_batched
Physics_GPRGNN_K10_H128_lr0.01_wd0.0005_e500_p50_s8,Physics,GPRGNN,10,128,0.01,0.0005,500,50,8,0.9759,0.9783,328,lr_wd_seed_batched
Physics_GPRGNN_K10_H128_lr0.01_wd0.0005_e500_p50_s9,Physics,GPRGNN,10,128,0.01,0.0005,500,50,9,0.9762,0.9809,356,lr_wd_seed_batched
Physics_GPRGNN_K10_H128_lr0.01_wd0.0001_e500_p50_s0,Physics,GPRGNN,10,128,0.01,0.0001,500,50,0,0.9745,0.9791,185,lr_wd_seed_batched
Physics_GPRGNN_K10_H128_lr0.01_wd0.0001_e500_p50_s1,Physics,GPRGNN,10,128,0.01,0.0001,500,50,1,0.9754,0.9786,203,lr_wd_seed_batched
Physics_GPRGNN_K10_H128_lr0.01_wd0.0001_e500_p50_s2,Physics,GPRGNN,10,128,0.01,0.0001,500,50,2,0.9762,0.9788,289,lr_wd_seed_batched
Physics_GPRGNN_K10_H128_lr0.01_wd0.0001_e500_p50_s3,Physics,GPRGNN,10,128,0.01,0.0001,500,50,3,0.9765,0.9800,253,lr_wd_seed_batched
Physics_GPRGNN_K10_H128_lr0.01_wd0.0001_e500_p50_s4,Physics,GPRGNN,10,128,0.01,0.0001,500,50,4,0.9754,0.9812,219,lr_wd_seed_batched
Physics_GPRGNN_K10_H128_lr0.01_wd0.0001_e500_p50_s5,Physics,GPRGNN,10,128,0.01,0.0001,500,50,5,0.9765,0.9797,247,lr_wd_seed_batched
Physics_GPRGNN_K10_H128_lr0.01_wd0.0001_e500_p50_s6,Physics,GPRGNN,10,128,0.01,0.0001,500,50,6,0.9765,0.9812,333,lr_wd_seed_batched
Physics_GPRGNN_K10_H128_lr0.01_wd0.0001_e500_p50_s7,Physics,GPRGNN,10,128,0.01,0.0001,500,50,7,0.9736,0.9777,149,lr_wd_seed_batched
Physics_GPRGNN_K10_H128_lr0.01_wd0.0001_e500_p50_s8,Physics,GPRGNN,10,128,0.01,0.0001,500,50,8,0.9771,0.9797,328,lr_wd_seed_batched
Physics_GPRGNN_K10_H128_lr0.01_wd0.0001_e500_p50_s9,Physics,GPRGNN,10,128,0.01,0.0001,500,50,9,0.9762,0.9797,258,lr_wd_seed_batched
Physics_GPRGNN_K10_H128_lr0.01_wd0_e500_p50_s0,Physics,GPRGNN,10,128,0.01,0.0,500,50,0,0.9748,0.9788,132,lr_wd_seed_batched
Physics_GPRGNN_K10_H128_lr0.01_wd0_e500_p50_s1,Physics,GPRGNN,10,128,0.01,0.0,500,50,1,0.9748,0.9788,110,lr_wd_seed_batched
Physics_GPRGNN_K10_H128_lr0.01_wd0_e500_p50_s2,Physics,GPRGNN,10,128,0.01,0.0,500,50,2,0.9742,0.9797,140,lr_wd_seed_batched
Physics_GPRGNN_K10_H128_lr0.01_wd0_e500_p50_s3,Physics,GPRGNN,10,128,0.01,0.0,500,50,3,0.9745,0.9783,137,lr_wd_seed_batched
Physics_GPRGNN_K10_H128_lr0.01_wd0_e500_p50_s4,Physics,GPRGNN,10,128,0.01,0.0,500,50,4,0.9742,0.9794,126,lr_wd_seed_batched
Physics_GPRGNN_K10_H128_lr0.01_wd0_e500_p50_s5,Physics,GPRGNN,10,128,0.01,0.0,500,50,5,0.9745,0.9794,107,lr_wd_seed_batched
Physics_GPRGNN_K10_H128_lr0.01_wd0_e500_p50_s6,Physics,GPRGNN,10,128,0.01,0.0,500,50,6,0.9733,0.9777,108,lr_wd_seed_batched
Physics_GPRGNN_K10_H128_lr0.01_wd0_e500_p50_s7,Physics,GPRGNN,10,128,0.01,0.0,500,50,7,0.9736,0.9780,142,lr_wd_seed_batched
Physics_GPRGNN_K10_H128_lr0.01_wd0_e500_p50_s8,Physics,GPRGNN,10,128,0.01,0.0,500,50,8,0.9754,0.9803,143,lr_wd_seed_batched
Physics_GPRGNN_K10_H128_lr0.01_wd0_e500_p50_s9,Physics,GPRGNN,10,128,0.01,0.0,500,50,9,0.9748,0.9797,138,lr_wd_seed_batched
Physics_GPRGNN_K10_H128_lr0.005_wd0.0005_e500_p50_s0,Physics,GPRGNN,10,128,0.005,0.0005,500,50,0,0.9739,0.9768,382,lr_wd_seed_batched
Physics_GPRGNN_K10_H128_lr0.005_wd0.0005_e500_p50_s1,Physics,GPRGNN,10,128,0.005,0.0005,500,50,1,0.9742,0.9786,354,lr_wd_seed_batched
Physics_GPRGNN_K10_H128_lr0.005_wd0.0005_e500_p50_s2,Physics,GPRGNN,10,128,0.005,0.0005,500,50,2,0.9710,0.9742,222,lr_wd_seed_batched
Physics_GPRGNN_K10_H128_lr0.005_wd0.0005_e500_p50_s3,Physics,GPRGNN,10,128,0.005,0.0005,500,50,3,0.9722,0.9759,264,lr_wd_seed_batched
Physics_GPRGNN_K10_H128_lr0.005_wd0.0005_e500_p50_s4,Physics,GPRGNN,10,128,0.005,0.0005,500,50,4,0.9690,0.9745,159,lr_wd_seed_batched
Physics_GPRGNN_K10_H128_lr0.005_wd0.0005_e500_p50_s5,Physics,GPRGNN,10,128,0.005,0.0005,500,50,5,0.9716,0.9768,287,lr_wd_seed_batched
Physics_GPRGNN_K10_H128_lr0.005_wd0.0005_e500_p50_s6,Physics,GPRGNN,10,128,0.005,0.0005,500,50,6,0.9733,0.9783,369,lr_wd_seed_batched
Physics_GPRGNN_K10_H128_lr0.005_wd0.0005_e500_p50_s7,Physics,GPRGNN,10,128,0.005,0.0005,500,50,7,0.9716,0.9762,225,lr_wd_seed_batched
Physics_GPRGNN_K10_H128_lr0.005_wd0.0005_e500_p50_s8,Physics,GPRGNN,10,128,0.005,0.0005,500,50,8,0.9733,0.9777,369,lr_wd_seed_batched
Physics_GPRGNN_K10_H128_lr0.005_wd0.0005_e500_p50_s9,Physics,GPRGNN,10,128,0.005,0.0005,500,50,9,0.9742,0.9777,434,lr_wd_seed_batched
Physics_GPRGNN_K10_H128_lr0.005_wd0.0001_e500_p50_s0,Physics,GPRGNN,10,128,0.005,0.0001,500,50,0,0.9742,0.9791,234,lr_wd_seed_batched
Physics_GPRGNN_K10_H128_lr0.005_wd0.0001_e500_p50_s1,Physics,GPRGNN,10,128,0.005,0.0001,500,50,1,0.9765,0.9786,417,lr_wd_seed_batched
Physics_GPRGNN_K10_H128_lr0.005_wd0.0001_e500_p50_s2,Physics,GPRGNN,10,128,0.005,0.0001,500,50,2,0.9759,0.9800,353,lr_wd_seed_batched
Physics_GPRGNN_K10_H128_lr0.005_wd0.0001_e500_p50_s3,Physics,GPRGNN,10,128,0.005,0.0001,500,50,3,0.9754,0.9783,358,lr_wd_seed_batched
Physics_GPRGNN_K10_H128_lr0.005_wd0.0001_e500_p50_s4,Physics,GPRGNN,10,128,0.005,0.0001,500,50,4,0.9748,0.9774,315,lr_wd_seed_batched
Physics_GPRGNN_K10_H128_lr0.005_wd0.0001_e500_p50_s5,Physics,GPRGNN,10,128,0.005,0.0001,500,50,5,0.9756,0.9794,390,lr_wd_seed_batched
Physics_GPRGNN_K10_H128_lr0.005_wd0.0001_e500_p50_s6,Physics,GPRGNN,10,128,0.005,0.0001,500,50,6,0.9736,0.9788,260,lr_wd_seed_batched
Physics_GPRGNN_K10_H128_lr0.005_wd0.0001_e500_p50_s7,Physics,GPRGNN,10,128,0.005,0.0001,500,50,7,0.9751,0.9786,269,lr_wd_seed_batched
Physics_GPRGNN_K10_H128_lr0.005_wd0.0001_e500_p50_s8,Physics,GPRGNN,10,128,0.005,0.0001,500,50,8,0.9751,0.9800,291,lr_wd_seed_batched
Physics_GPRGNN_K10_H128_lr0.005_wd0.0001_e500_p50_s9,Physics,GPRGNN,10,128,0.005,0.0001,500,50,9,0.9762,0.9788,363,lr_wd_seed_batched
Physics_GPRGNN_K10_H128_lr0.005_wd0_e500_p50_s0,Physics,GPRGNN,10,128,0.005,0.0,500,50,0,0.9736,0.9794,202,lr_wd_seed_batched
Physics_GPRGNN_K10_H128_lr0.005_wd0_e500_p50_s1,Physics,GPRGNN,10,128,0.005,0.0,500,50,1,0.9736,0.9780,150,lr_wd_seed_batched
Physics_GPRGNN_K10_H128_lr0.005_wd0_e500_p50_s2,Physics,GPRGNN,10,128,0.005,0.0,500,50,2,0.9733,0.9788,159,lr_wd_seed_batched
Physics_GPRGNN_K10_H128_lr0.005_wd0_e500_p50_s3,Physics,GPRGNN,10,128,0.005,0.0,500,50,3,0.9736,0.9771,152,lr_wd_seed_batched
Physics_GPRGNN_K10_H128_lr0.005_wd0_e500_p50_s4,Physics,GPRGNN,10,128,0.005,0.0,500,50,4,0.9736,0.9774,196,lr_wd_seed_batched
Physics_GPRGNN_K10_H128_lr0.005_wd0_e500_p50_s5,Physics,GPRGNN,10,128,0.005,0.0,500,50,5,0.9736,0.9771,224,lr_wd_seed_batched
Physics_GPRGNN_K10_H128_lr0.005_wd0_e500_p50_s6,Physics,GPRGNN,10,128,0.005,0.0,500,50,6,0.9730,0.9783,154,lr_wd_seed_batched
Physics_GPRGNN_K10_H128_lr0.005_wd0_e500_p50_s7,Physics,GPRGNN,10,128,0.005,0.0,500,50,7,0.9733,0.9780,195,lr_wd_seed_batched
Physics_GPRGNN_K10_H128_lr0.005_wd0_e500_p50_s8,Physics,GPRGNN,10,128,0.005,0.0,500,50,8,0.9733,0.9774,168,lr_wd_seed_batched
Physics_GPRGNN_K10_H128_lr0.005_wd0_e500_p50_s9,Physics,GPRGNN,10,128,0.005,0.0,500,50,9,0.9733,0.9788,175,lr_wd_seed_batched
Physics_GPRGNN_K10_H128_lr0.001_wd0.0005_e500_p50_s0,Physics,GPRGNN,10,128,0.001,0.0005,500,50,0,0.9629,0.9675,177,lr_wd_seed_batched
Physics_GPRGNN_K10_H128_lr0.001_wd0.0005_e500_p50_s1,Physics,GPRGNN,10,128,0.001,0.0005,500,50,1,0.9629,0.9684,179,lr_wd_seed_batched
Physics_GPRGNN_K10_H128_lr0.001_wd0.0005_e500_p50_s2,Physics,GPRGNN,10,128,0.001,0.0005,500,50,2,0.9632,0.9667,179,lr_wd_seed_batched
Physics_GPRGNN_K10_H128_lr0.001_wd0.0005_e500_p50_s3,Physics,GPRGNN,10,128,0.001,0.0005,500,50,3,0.9667,0.9730,420,lr_wd_seed_batched
Physics_GPRGNN_K10_H128_lr0.001_wd0.0005_e500_p50_s4,Physics,GPRGNN,10,128,0.001,0.0005,500,50,4,0.9667,0.9722,330,lr_wd_seed_batched
Physics_GPRGNN_K10_H128_lr0.001_wd0.0005_e500_p50_s5,Physics,GPRGNN,10,128,0.001,0.0005,500,50,5,0.9635,0.9687,193,lr_wd_seed_batched
Physics_GPRGNN_K10_H128_lr0.001_wd0.0005_e500_p50_s6,Physics,GPRGNN,10,128,0.001,0.0005,500,50,6,0.9640,0.9693,241,lr_wd_seed_batched
Physics_GPRGNN_K10_H128_lr0.001_wd0.0005_e500_p50_s7,Physics,GPRGNN,10,128,0.001,0.0005,500,50,7,0.9661,0.9733,353,lr_wd_seed_batched
Physics_GPRGNN_K10_H128_lr0.001_wd0.0005_e500_p50_s8,Physics,GPRGNN,10,128,0.001,0.0005,500,50,8,0.9629,0.9667,170,lr_wd_seed_batched
Physics_GPRGNN_K10_H128_lr0.001_wd0.0005_e500_p50_s9,Physics,GPRGNN,10,128,0.001,0.0005,500,50,9,0.9675,0.9725,387,lr_wd_seed_batched
Physics_GPRGNN_K10_H128_lr0.001_wd0.0001_e500_p50_s0,Physics,GPRGNN,10,128,0.001,0.0001,500,50,0,0.9667,0.9719,259,lr_wd_seed_batched
Physics_GPRGNN_K10_H128_lr0.001_wd0.0001_e500_p50_s1,Physics,GPRGNN,10,128,0.001,0.0001,500,50,1,0.9669,0.9736,288,lr_wd_seed_batched
Physics_GPRGNN_K10_H128_lr0.001_wd0.0001_e500_p50_s2,Physics,GPRGNN,10,128,0.001,0.0001,500,50,2,0.9690,0.9754,408,lr_wd_seed_batched
Physics_GPRGNN_K10_H128_lr0.001_wd0.0001_e500_p50_s3,Physics,GPRGNN,10,128,0.001,0.0001,500,50,3,0.9664,0.9704,245,lr_wd_seed_batched
Physics_GPRGNN_K10_H128_lr0.001_wd0.0001_e500_p50_s4,Physics,GPRGNN,10,128,0.001,0.0001,500,50,4,0.9661,0.9713,250,lr_wd_seed_batched
Physics_GPRGNN_K10_H128_lr0.001_wd0.0001_e500_p50_s5,Physics,GPRGNN,10,128,0.001,0.0001,500,50,5,0.9664,0.9716,238,lr_wd_seed_batched
Physics_GPRGNN_K10_H128_lr0.001_wd0.0001_e500_p50_s6,Physics,GPRGNN,10,128,0.001,0.0001,500,50,6,0.9669,0.9730,261,lr_wd_seed_batched
Physics_GPRGNN_K10_H128_lr0.001_wd0.0001_e500_p50_s7,Physics,GPRGNN,10,128,0.001,0.0001,500,50,7,0.9690,0.9759,424,lr_wd_seed_batched
Physics_GPRGNN_K10_H128_lr0.001_wd0.0001_e500_p50_s8,Physics,GPRGNN,10,128,0.001,0.0001,500,50,8,0.9667,0.9716,262,lr_wd_seed_batched
Physics_GPRGNN_K10_H128_lr0.001_wd0.0001_e500_p50_s9,Physics,GPRGNN,10,128,0.001,0.0001,500,50,9,0.9669,0.9722,254,lr_wd_seed_batched
Physics_GPRGNN_K10_H128_lr0.001_wd0_e500_p50_s0,Physics,GPRGNN,10,128,0.001,0.0,500,50,0,0.9696,0.9757,320,lr_wd_seed_batched
Physics_GPRGNN_K10_H128_lr0.001_wd0_e500_p50_s1,Physics,GPRGNN,10,128,0.001,0.0,500,50,1,0.9693,0.9765,350,lr_wd_seed_batched
Physics_GPRGNN_K10_H128_lr0.001_wd0_e500_p50_s2,Physics,GPRGNN,10,128,0.001,0.0,500,50,2,0.9690,0.9757,290,lr_wd_seed_batched
Physics_GPRGNN_K10_H128_lr0.001_wd0_e500_p50_s3,Physics,GPRGNN,10,128,0.001,0.0,500,50,3,0.9693,0.9765,322,lr_wd_seed_batched
Physics_GPRGNN_K10_H128_lr0.001_wd0_e500_p50_s4,Physics,GPRGNN,10,128,0.001,0.0,500,50,4,0.9701,0.9771,397,lr_wd_seed_batched
Physics_GPRGNN_K10_H128_lr0.001_wd0_e500_p50_s5,Physics,GPRGNN,10,128,0.001,0.0,500,50,5,0.9690,0.9762,333,lr_wd_seed_batched
Physics_GPRGNN_K10_H128_lr0.001_wd0_e500_p50_s6,Physics,GPRGNN,10,128,0.001,0.0,500,50,6,0.9687,0.9762,325,lr_wd_seed_batched
Physics_GPRGNN_K10_H128_lr0.001_wd0_e500_p50_s7,Physics,GPRGNN,10,128,0.001,0.0,500,50,7,0.9696,0.9759,330,lr_wd_seed_batched
Physics_GPRGNN_K10_H128_lr0.001_wd0_e500_p50_s8,Physics,GPRGNN,10,128,0.001,0.0,500,50,8,0.9687,0.9762,306,lr_wd_seed_batched
Physics_GPRGNN_K10_H128_lr0.001_wd0_e500_p50_s9,Physics,GPRGNN,10,128,0.001,0.0,500,50,9,0.9704,0.9774,418,lr_wd_seed_batched
