model,dataset,target,selector,source_dataset,oracle_value,chosen_value,oracle_config,chosen_config,oracle_acc,chosen_acc,regret,match
fagcn,Actor,full,default,,"(3, 32, '0.5')","(4, 64, '0.5')","(3, 32, '0.5')","(4, 64, '0.5')",0.35790000000000005,0.34933333333333333,0.008566666666666722,False
fagcn,Actor,full,homophily,Wisconsin,"(3, 32, '0.5')","(4, 64, '0.5')","(3, 32, '0.5')","(4, 64, '0.5')",0.35790000000000005,0.34933333333333333,0.008566666666666722,False
fagcn,Actor,full,slp,Cornell,"(3, 32, '0.5')","(4, 64, '0.5')","(3, 32, '0.5')","(4, 64, '0.5')",0.35790000000000005,0.34933333333333333,0.008566666666666722,False
fagcn,Actor,full,homophily+slp,Cornell,"(3, 32, '0.5')","(4, 64, '0.5')","(3, 32, '0.5')","(4, 64, '0.5')",0.35790000000000005,0.34933333333333333,0.008566666666666722,False
fagcn,Actor,depth,default,,3,4,"(3, 32, '0.5')","(4, 16, '0.5')",0.35790000000000005,0.35766666666666663,0.00023333333333341866,False
fagcn,Actor,depth,homophily,Wisconsin,3,4,"(3, 32, '0.5')","(4, 16, '0.5')",0.35790000000000005,0.35766666666666663,0.00023333333333341866,False
fagcn,Actor,depth,slp,Cornell,3,4,"(3, 32, '0.5')","(4, 16, '0.5')",0.35790000000000005,0.35766666666666663,0.00023333333333341866,False
fagcn,Actor,depth,homophily+slp,Cornell,3,4,"(3, 32, '0.5')","(4, 16, '0.5')",0.35790000000000005,0.35766666666666663,0.00023333333333341866,False
fagcn,Actor,hidden,default,,32,64,"(3, 32, '0.5')","(2, 64, '0.5')",0.35790000000000005,0.35569999999999996,0.0022000000000000908,False
fagcn,Actor,hidden,homophily,Wisconsin,32,64,"(3, 32, '0.5')","(2, 64, '0.5')",0.35790000000000005,0.35569999999999996,0.0022000000000000908,False
fagcn,Actor,hidden,slp,Cornell,32,64,"(3, 32, '0.5')","(2, 64, '0.5')",0.35790000000000005,0.35569999999999996,0.0022000000000000908,False
fagcn,Actor,hidden,homophily+slp,Cornell,32,64,"(3, 32, '0.5')","(2, 64, '0.5')",0.35790000000000005,0.35569999999999996,0.0022000000000000908,False
fagcn,Actor,eps,default,,0.5,0.5,"(3, 32, '0.5')","(3, 32, '0.5')",0.35790000000000005,0.35790000000000005,0.0,True
fagcn,Actor,eps,homophily,Wisconsin,0.5,0.5,"(3, 32, '0.5')","(3, 32, '0.5')",0.35790000000000005,0.35790000000000005,0.0,True
fagcn,Actor,eps,slp,Cornell,0.5,0.5,"(3, 32, '0.5')","(3, 32, '0.5')",0.35790000000000005,0.35790000000000005,0.0,True
fagcn,Actor,eps,homophily+slp,Cornell,0.5,0.5,"(3, 32, '0.5')","(3, 32, '0.5')",0.35790000000000005,0.35790000000000005,0.0,True
fagcn,CS,full,default,,"(3, 64, '0.5')","(4, 64, '0.5')","(3, 64, '0.5')","(4, 64, '0.5')",0.9577333333333332,0.9524,0.00533333333333319,False
fagcn,CS,full,homophily,Cora,"(3, 64, '0.5')","(3, 16, '0.1')","(3, 64, '0.5')","(3, 16, '0.1')",0.9577333333333332,0.9335,0.024233333333333218,False
fagcn,CS,full,slp,Photo,"(3, 64, '0.5')","(3, 64, '0.5')","(3, 64, '0.5')","(3, 64, '0.5')",0.9577333333333332,0.9577333333333332,0.0,True
fagcn,CS,full,homophily+slp,Photo,"(3, 64, '0.5')","(3, 64, '0.5')","(3, 64, '0.5')","(3, 64, '0.5')",0.9577333333333332,0.9577333333333332,0.0,True
fagcn,CS,depth,default,,3,4,"(3, 64, '0.5')","(4, 32, '0.5')",0.9577333333333332,0.9532666666666666,0.004466666666666619,False
fagcn,CS,depth,homophily,Cora,3,3,"(3, 64, '0.5')","(3, 64, '0.5')",0.9577333333333332,0.9577333333333332,0.0,True
fagcn,CS,depth,slp,Photo,3,3,"(3, 64, '0.5')","(3, 64, '0.5')",0.9577333333333332,0.9577333333333332,0.0,True
fagcn,CS,depth,homophily+slp,Photo,3,3,"(3, 64, '0.5')","(3, 64, '0.5')",0.9577333333333332,0.9577333333333332,0.0,True
fagcn,CS,hidden,default,,64,64,"(3, 64, '0.5')","(3, 64, '0.5')",0.9577333333333332,0.9577333333333332,0.0,True
fagcn,CS,hidden,homophily,Cora,64,16,"(3, 64, '0.5')","(2, 16, '0.5')",0.9577333333333332,0.9529,0.004833333333333245,False
fagcn,CS,hidden,slp,Photo,64,64,"(3, 64, '0.5')","(3, 64, '0.5')",0.9577333333333332,0.9577333333333332,0.0,True
fagcn,CS,hidden,homophily+slp,Photo,64,64,"(3, 64, '0.5')","(3, 64, '0.5')",0.9577333333333332,0.9577333333333332,0.0,True
fagcn,CS,eps,default,,0.5,0.5,"(3, 64, '0.5')","(3, 64, '0.5')",0.9577333333333332,0.9577333333333332,0.0,True
fagcn,CS,eps,homophily,Cora,0.5,0.1,"(3, 64, '0.5')","(2, 64, '0.1')",0.9577333333333332,0.9425333333333333,0.01519999999999988,False
fagcn,CS,eps,slp,Photo,0.5,0.5,"(3, 64, '0.5')","(3, 64, '0.5')",0.9577333333333332,0.9577333333333332,0.0,True
fagcn,CS,eps,homophily+slp,Photo,0.5,0.5,"(3, 64, '0.5')","(3, 64, '0.5')",0.9577333333333332,0.9577333333333332,0.0,True
fagcn,Chameleon,full,default,,"(3, 32, '0.4')","(4, 64, '0.5')","(3, 32, '0.4')","(4, 64, '0.5')",0.5116999999999999,0.4861,0.025599999999999956,False
fagcn,Chameleon,full,homophily,Squirrel,"(3, 32, '0.4')","(2, 64, '0.5')","(3, 32, '0.4')","(2, 64, '0.5')",0.5116999999999999,0.49489999999999995,0.01679999999999998,False
fagcn,Chameleon,full,slp,Cornell,"(3, 32, '0.4')","(4, 64, '0.5')","(3, 32, '0.4')","(4, 64, '0.5')",0.5116999999999999,0.4861,0.025599999999999956,False
fagcn,Chameleon,full,homophily+slp,Cornell,"(3, 32, '0.4')","(4, 64, '0.5')","(3, 32, '0.4')","(4, 64, '0.5')",0.5116999999999999,0.4861,0.025599999999999956,False
fagcn,Chameleon,depth,default,,3,4,"(3, 32, '0.4')","(4, 32, '0.5')",0.5116999999999999,0.49560000000000004,0.016099999999999892,False
fagcn,Chameleon,depth,homophily,Squirrel,3,2,"(3, 32, '0.4')","(2, 64, '0.5')",0.5116999999999999,0.49489999999999995,0.01679999999999998,False
fagcn,Chameleon,depth,slp,Cornell,3,4,"(3, 32, '0.4')","(4, 32, '0.5')",0.5116999999999999,0.49560000000000004,0.016099999999999892,False
fagcn,Chameleon,depth,homophily+slp,Cornell,3,4,"(3, 32, '0.4')","(4, 32, '0.5')",0.5116999999999999,0.49560000000000004,0.016099999999999892,False
fagcn,Chameleon,hidden,default,,32,64,"(3, 32, '0.4')","(2, 64, '0.5')",0.5116999999999999,0.49489999999999995,0.01679999999999998,False
fagcn,Chameleon,hidden,homophily,Squirrel,32,64,"(3, 32, '0.4')","(2, 64, '0.5')",0.5116999999999999,0.49489999999999995,0.01679999999999998,False
fagcn,Chameleon,hidden,slp,Cornell,32,64,"(3, 32, '0.4')","(2, 64, '0.5')",0.5116999999999999,0.49489999999999995,0.01679999999999998,False
fagcn,Chameleon,hidden,homophily+slp,Cornell,32,64,"(3, 32, '0.4')","(2, 64, '0.5')",0.5116999999999999,0.49489999999999995,0.01679999999999998,False
fagcn,Chameleon,eps,default,,0.4,0.5,"(3, 32, '0.4')","(3, 16, '0.5')",0.5116999999999999,0.5080666666666667,0.0036333333333332662,False
fagcn,Chameleon,eps,homophily,Squirrel,0.4,0.5,"(3, 32, '0.4')","(3, 16, '0.5')",0.5116999999999999,0.5080666666666667,0.0036333333333332662,False
fagcn,Chameleon,eps,slp,Cornell,0.4,0.5,"(3, 32, '0.4')","(3, 16, '0.5')",0.5116999999999999,0.5080666666666667,0.0036333333333332662,False
fagcn,Chameleon,eps,homophily+slp,Cornell,0.4,0.5,"(3, 32, '0.4')","(3, 16, '0.5')",0.5116999999999999,0.5080666666666667,0.0036333333333332662,False
fagcn,CiteSeer,full,default,,"(3, 32, '0.4')","(4, 64, '0.5')","(3, 32, '0.4')","(4, 64, '0.5')",0.7743000000000001,0.7542666666666666,0.02003333333333346,False
fagcn,CiteSeer,full,homophily,Computers,"(3, 32, '0.4')","(4, 64, '0.3')","(3, 32, '0.4')","(4, 64, '0.3')",0.7743000000000001,0.7643,0.01000000000000012,False
fagcn,CiteSeer,full,slp,Cora,"(3, 32, '0.4')","(3, 16, '0.1')","(3, 32, '0.4')","(3, 16, '0.1')",0.7743000000000001,0.7658,0.008500000000000063,False
fagcn,CiteSeer,full,homophily+slp,Cora,"(3, 32, '0.4')","(3, 16, '0.1')","(3, 32, '0.4')","(3, 16, '0.1')",0.7743000000000001,0.7658,0.008500000000000063,False
fagcn,CiteSeer,depth,default,,3,4,"(3, 32, '0.4')","(4, 64, '0.2')",0.7743000000000001,0.7738,0.000500000000000056,False
fagcn,CiteSeer,depth,homophily,Computers,3,4,"(3, 32, '0.4')","(4, 64, '0.2')",0.7743000000000001,0.7738,0.000500000000000056,False
fagcn,CiteSeer,depth,slp,Cora,3,3,"(3, 32, '0.4')","(3, 32, '0.4')",0.7743000000000001,0.7743000000000001,0.0,True
fagcn,CiteSeer,depth,homophily+slp,Cora,3,3,"(3, 32, '0.4')","(3, 32, '0.4')",0.7743000000000001,0.7743000000000001,0.0,True
fagcn,CiteSeer,hidden,default,,32,64,"(3, 32, '0.4')","(4, 64, '0.2')",0.7743000000000001,0.7738,0.000500000000000056,False
fagcn,CiteSeer,hidden,homophily,Computers,32,64,"(3, 32, '0.4')","(4, 64, '0.2')",0.7743000000000001,0.7738,0.000500000000000056,False
fagcn,CiteSeer,hidden,slp,Cora,32,16,"(3, 32, '0.4')","(2, 16, '0.4')",0.7743000000000001,0.7738,0.000500000000000056,False
fagcn,CiteSeer,hidden,homophily+slp,Cora,32,16,"(3, 32, '0.4')","(2, 16, '0.4')",0.7743000000000001,0.7738,0.000500000000000056,False
fagcn,CiteSeer,eps,default,,0.4,0.5,"(3, 32, '0.4')","(3, 32, '0.5')",0.7743000000000001,0.7738,0.000500000000000056,False
fagcn,CiteSeer,eps,homophily,Computers,0.4,0.3,"(3, 32, '0.4')","(2, 64, '0.3')",0.7743000000000001,0.7728,0.0015000000000000568,False
fagcn,CiteSeer,eps,slp,Cora,0.4,0.1,"(3, 32, '0.4')","(4, 64, '0.1')",0.7743000000000001,0.7718000000000002,0.0024999999999999467,False
fagcn,CiteSeer,eps,homophily+slp,Cora,0.4,0.1,"(3, 32, '0.4')","(4, 64, '0.1')",0.7743000000000001,0.7718000000000002,0.0024999999999999467,False
fagcn,Computers,full,default,,"(4, 64, '0.3')","(4, 64, '0.5')","(4, 64, '0.3')","(4, 64, '0.5')",0.9051333333333332,0.8983,0.006833333333333247,False
fagcn,Computers,full,homophily,CS,"(4, 64, '0.3')","(3, 64, '0.5')","(4, 64, '0.3')","(3, 64, '0.5')",0.9051333333333332,0.8999,0.005233333333333201,False
fagcn,Computers,full,slp,Photo,"(4, 64, '0.3')","(3, 64, '0.5')","(4, 64, '0.3')","(3, 64, '0.5')",0.9051333333333332,0.8999,0.005233333333333201,False
fagcn,Computers,full,homophily+slp,Photo,"(4, 64, '0.3')","(3, 64, '0.5')","(4, 64, '0.3')","(3, 64, '0.5')",0.9051333333333332,0.8999,0.005233333333333201,False
fagcn,Computers,depth,default,,4,4,"(4, 64, '0.3')","(4, 64, '0.3')",0.9051333333333332,0.9051333333333332,0.0,True
fagcn,Computers,depth,homophily,CS,4,3,"(4, 64, '0.3')","(3, 64, '0.5')",0.9051333333333332,0.8999,0.005233333333333201,False
fagcn,Computers,depth,slp,Photo,4,3,"(4, 64, '0.3')","(3, 64, '0.5')",0.9051333333333332,0.8999,0.005233333333333201,False
fagcn,Computers,depth,homophily+slp,Photo,4,3,"(4, 64, '0.3')","(3, 64, '0.5')",0.9051333333333332,0.8999,0.005233333333333201,False
fagcn,Computers,hidden,default,,64,64,"(4, 64, '0.3')","(4, 64, '0.3')",0.9051333333333332,0.9051333333333332,0.0,True
fagcn,Computers,hidden,homophily,CS,64,64,"(4, 64, '0.3')","(4, 64, '0.3')",0.9051333333333332,0.9051333333333332,0.0,True
fagcn,Computers,hidden,slp,Photo,64,64,"(4, 64, '0.3')","(4, 64, '0.3')",0.9051333333333332,0.9051333333333332,0.0,True
fagcn,Computers,hidden,homophily+slp,Photo,64,64,"(4, 64, '0.3')","(4, 64, '0.3')",0.9051333333333332,0.9051333333333332,0.0,True
fagcn,Computers,eps,default,,0.3,0.5,"(4, 64, '0.3')","(2, 64, '0.5')",0.9051333333333332,0.9006333333333334,0.0044999999999998375,False
fagcn,Computers,eps,homophily,CS,0.3,0.5,"(4, 64, '0.3')","(2, 64, '0.5')",0.9051333333333332,0.9006333333333334,0.0044999999999998375,False
fagcn,Computers,eps,slp,Photo,0.3,0.5,"(4, 64, '0.3')","(2, 64, '0.5')",0.9051333333333332,0.9006333333333334,0.0044999999999998375,False
fagcn,Computers,eps,homophily+slp,Photo,0.3,0.5,"(4, 64, '0.3')","(2, 64, '0.5')",0.9051333333333332,0.9006333333333334,0.0044999999999998375,False
fagcn,Cora,full,default,,"(3, 16, '0.1')","(4, 64, '0.5')","(3, 16, '0.1')","(4, 64, '0.5')",0.8932000000000001,0.8747666666666666,0.018433333333333524,False
fagcn,Cora,full,homophily,Photo,"(3, 16, '0.1')","(3, 64, '0.5')","(3, 16, '0.1')","(3, 64, '0.5')",0.8932000000000001,0.8772333333333333,0.015966666666666796,False
fagcn,Cora,full,slp,CiteSeer,"(3, 16, '0.1')","(3, 32, '0.4')","(3, 16, '0.1')","(3, 32, '0.4')",0.8932000000000001,0.8778333333333332,0.015366666666666862,False
fagcn,Cora,full,homophily+slp,CiteSeer,"(3, 16, '0.1')","(3, 32, '0.4')","(3, 16, '0.1')","(3, 32, '0.4')",0.8932000000000001,0.8778333333333332,0.015366666666666862,False
fagcn,Cora,depth,default,,3,4,"(3, 16, '0.1')","(4, 32, '0.3')",0.8932000000000001,0.8882666666666666,0.004933333333333456,False
fagcn,Cora,depth,homophily,Photo,3,3,"(3, 16, '0.1')","(3, 16, '0.1')",0.8932000000000001,0.8932000000000001,0.0,True
fagcn,Cora,depth,slp,CiteSeer,3,3,"(3, 16, '0.1')","(3, 16, '0.1')",0.8932000000000001,0.8932000000000001,0.0,True
fagcn,Cora,depth,homophily+slp,CiteSeer,3,3,"(3, 16, '0.1')","(3, 16, '0.1')",0.8932000000000001,0.8932000000000001,0.0,True
fagcn,Cora,hidden,default,,16,64,"(3, 16, '0.1')","(3, 64, '0.1')",0.8932000000000001,0.8895,0.0037000000000001476,False
fagcn,Cora,hidden,homophily,Photo,16,64,"(3, 16, '0.1')","(3, 64, '0.1')",0.8932000000000001,0.8895,0.0037000000000001476,False
fagcn,Cora,hidden,slp,CiteSeer,16,32,"(3, 16, '0.1')","(3, 32, '0.2')",0.8932000000000001,0.8889,0.0043000000000000815,False
fagcn,Cora,hidden,homophily+slp,CiteSeer,16,32,"(3, 16, '0.1')","(3, 32, '0.2')",0.8932000000000001,0.8889,0.0043000000000000815,False
fagcn,Cora,eps,default,,0.1,0.5,"(3, 16, '0.1')","(3, 16, '0.5')",0.8932000000000001,0.8870666666666667,0.006133333333333435,False
fagcn,Cora,eps,homophily,Photo,0.1,0.5,"(3, 16, '0.1')","(3, 16, '0.5')",0.8932000000000001,0.8870666666666667,0.006133333333333435,False
fagcn,Cora,eps,slp,CiteSeer,0.1,0.4,"(3, 16, '0.1')","(3, 16, '0.4')",0.8932000000000001,0.8882666666666666,0.004933333333333456,False
fagcn,Cora,eps,homophily+slp,CiteSeer,0.1,0.4,"(3, 16, '0.1')","(3, 16, '0.4')",0.8932000000000001,0.8882666666666666,0.004933333333333456,False
fagcn,Cornell,full,default,,"(4, 64, '0.5')","(2, 64, '0.5')","(4, 64, '0.5')","(2, 64, '0.5')",0.8158,0.7281,0.0877,False
fagcn,Cornell,full,homophily,Actor,"(4, 64, '0.5')","(3, 32, '0.5')","(4, 64, '0.5')","(3, 32, '0.5')",0.8158,0.7719333333333332,0.04386666666666672,False
fagcn,Cornell,full,slp,Actor,"(4, 64, '0.5')","(3, 32, '0.5')","(4, 64, '0.5')","(3, 32, '0.5')",0.8158,0.7719333333333332,0.04386666666666672,False
fagcn,Cornell,full,homophily+slp,Actor,"(4, 64, '0.5')","(3, 32, '0.5')","(4, 64, '0.5')","(3, 32, '0.5')",0.8158,0.7719333333333332,0.04386666666666672,False
fagcn,Cornell,depth,default,,4,4,"(4, 64, '0.5')","(4, 64, '0.5')",0.8158,0.8158,0.0,True
fagcn,Cornell,depth,homophily,Actor,4,3,"(4, 64, '0.5')","(3, 32, '0.4')",0.8158,0.7807,0.03510000000000002,False
fagcn,Cornell,depth,slp,Actor,4,3,"(4, 64, '0.5')","(3, 32, '0.4')",0.8158,0.7807,0.03510000000000002,False
fagcn,Cornell,depth,homophily+slp,Actor,4,3,"(4, 64, '0.5')","(3, 32, '0.4')",0.8158,0.7807,0.03510000000000002,False
fagcn,Cornell,hidden,default,,64,64,"(4, 64, '0.5')","(4, 64, '0.5')",0.8158,0.8158,0.0,True
fagcn,Cornell,hidden,homophily,Actor,64,32,"(4, 64, '0.5')","(2, 32, '0.5')",0.8158,0.7982333333333332,0.01756666666666673,False
fagcn,Cornell,hidden,slp,Actor,64,32,"(4, 64, '0.5')","(2, 32, '0.5')",0.8158,0.7982333333333332,0.01756666666666673,False
fagcn,Cornell,hidden,homophily+slp,Actor,64,32,"(4, 64, '0.5')","(2, 32, '0.5')",0.8158,0.7982333333333332,0.01756666666666673,False
fagcn,Cornell,eps,default,,0.5,0.5,"(4, 64, '0.5')","(4, 64, '0.5')",0.8158,0.8158,0.0,True
fagcn,Cornell,eps,homophily,Actor,0.5,0.5,"(4, 64, '0.5')","(4, 64, '0.5')",0.8158,0.8158,0.0,True
fagcn,Cornell,eps,slp,Actor,0.5,0.5,"(4, 64, '0.5')","(4, 64, '0.5')",0.8158,0.8158,0.0,True
fagcn,Cornell,eps,homophily+slp,Actor,0.5,0.5,"(4, 64, '0.5')","(4, 64, '0.5')",0.8158,0.8158,0.0,True
fagcn,Minesweeper,full,default,,"(2, 16, '0.3')","(4, 64, '0.5')","(2, 16, '0.3')","(4, 64, '0.5')",0.7976666666666666,0.7951666666666667,0.0024999999999999467,False
fagcn,Minesweeper,full,homophily,Tolokers,"(2, 16, '0.3')","(4, 16, '0.2')","(2, 16, '0.3')","(4, 16, '0.2')",0.7976666666666666,0.7951666666666667,0.0024999999999999467,False
fagcn,Minesweeper,full,slp,Tolokers,"(2, 16, '0.3')","(4, 16, '0.2')","(2, 16, '0.3')","(4, 16, '0.2')",0.7976666666666666,0.7951666666666667,0.0024999999999999467,False
fagcn,Minesweeper,full,homophily+slp,Tolokers,"(2, 16, '0.3')","(4, 16, '0.2')","(2, 16, '0.3')","(4, 16, '0.2')",0.7976666666666666,0.7951666666666667,0.0024999999999999467,False
fagcn,Minesweeper,depth,default,,2,4,"(2, 16, '0.3')","(4, 32, '0.5')",0.7976666666666666,0.7953333333333333,0.0023333333333332984,False
fagcn,Minesweeper,depth,homophily,Tolokers,2,4,"(2, 16, '0.3')","(4, 32, '0.5')",0.7976666666666666,0.7953333333333333,0.0023333333333332984,False
fagcn,Minesweeper,depth,slp,Tolokers,2,4,"(2, 16, '0.3')","(4, 32, '0.5')",0.7976666666666666,0.7953333333333333,0.0023333333333332984,False
fagcn,Minesweeper,depth,homophily+slp,Tolokers,2,4,"(2, 16, '0.3')","(4, 32, '0.5')",0.7976666666666666,0.7953333333333333,0.0023333333333332984,False
fagcn,Minesweeper,hidden,default,,16,64,"(2, 16, '0.3')","(2, 64, '0.1')",0.7976666666666666,0.7951666666666667,0.0024999999999999467,False
fagcn,Minesweeper,hidden,homophily,Tolokers,16,16,"(2, 16, '0.3')","(2, 16, '0.3')",0.7976666666666666,0.7976666666666666,0.0,True
fagcn,Minesweeper,hidden,slp,Tolokers,16,16,"(2, 16, '0.3')","(2, 16, '0.3')",0.7976666666666666,0.7976666666666666,0.0,True
fagcn,Minesweeper,hidden,homophily+slp,Tolokers,16,16,"(2, 16, '0.3')","(2, 16, '0.3')",0.7976666666666666,0.7976666666666666,0.0,True
fagcn,Minesweeper,eps,default,,0.3,0.5,"(2, 16, '0.3')","(2, 16, '0.5')",0.7976666666666666,0.7956666666666666,0.0020000000000000018,False
fagcn,Minesweeper,eps,homophily,Tolokers,0.3,0.2,"(2, 16, '0.3')","(2, 16, '0.2')",0.7976666666666666,0.7951666666666667,0.0024999999999999467,False
fagcn,Minesweeper,eps,slp,Tolokers,0.3,0.2,"(2, 16, '0.3')","(2, 16, '0.2')",0.7976666666666666,0.7951666666666667,0.0024999999999999467,False
fagcn,Minesweeper,eps,homophily+slp,Tolokers,0.3,0.2,"(2, 16, '0.3')","(2, 16, '0.2')",0.7976666666666666,0.7951666666666667,0.0024999999999999467,False
fagcn,Photo,full,default,,"(3, 64, '0.5')","(4, 64, '0.5')","(3, 64, '0.5')","(4, 64, '0.5')",0.9505333333333333,0.9370666666666666,0.013466666666666738,False
fagcn,Photo,full,homophily,Cora,"(3, 64, '0.5')","(3, 16, '0.1')","(3, 64, '0.5')","(3, 16, '0.1')",0.9505333333333333,0.9093666666666667,0.041166666666666685,False
fagcn,Photo,full,slp,Computers,"(3, 64, '0.5')","(4, 64, '0.3')","(3, 64, '0.5')","(4, 64, '0.3')",0.9505333333333333,0.9460000000000001,0.004533333333333278,False
fagcn,Photo,full,homophily+slp,CS,"(3, 64, '0.5')","(3, 64, '0.5')","(3, 64, '0.5')","(3, 64, '0.5')",0.9505333333333333,0.9505333333333333,0.0,True
fagcn,Photo,depth,default,,3,4,"(3, 64, '0.5')","(4, 64, '0.3')",0.9505333333333333,0.9460000000000001,0.004533333333333278,False
fagcn,Photo,depth,homophily,Cora,3,3,"(3, 64, '0.5')","(3, 64, '0.5')",0.9505333333333333,0.9505333333333333,0.0,True
fagcn,Photo,depth,slp,Computers,3,4,"(3, 64, '0.5')","(4, 64, '0.3')",0.9505333333333333,0.9460000000000001,0.004533333333333278,False
fagcn,Photo,depth,homophily+slp,CS,3,3,"(3, 64, '0.5')","(3, 64, '0.5')",0.9505333333333333,0.9505333333333333,0.0,True
fagcn,Photo,hidden,default,,64,64,"(3, 64, '0.5')","(3, 64, '0.5')",0.9505333333333333,0.9505333333333333,0.0,True
fagcn,Photo,hidden,homophily,Cora,64,16,"(3, 64, '0.5')","(2, 16, '0.4')",0.9505333333333333,0.9331333333333333,0.017400000000000082,False
fagcn,Photo,hidden,slp,Computers,64,64,"(3, 64, '0.5')","(3, 64, '0.5')",0.9505333333333333,0.9505333333333333,0.0,True
fagcn,Photo,hidden,homophily+slp,CS,64,64,"(3, 64, '0.5')","(3, 64, '0.5')",0.9505333333333333,0.9505333333333333,0.0,True
fagcn,Photo,eps,default,,0.5,0.5,"(3, 64, '0.5')","(3, 64, '0.5')",0.9505333333333333,0.9505333333333333,0.0,True
fagcn,Photo,eps,homophily,Cora,0.5,0.1,"(3, 64, '0.5')","(3, 32, '0.1')",0.9505333333333333,0.9357000000000001,0.014833333333333254,False
fagcn,Photo,eps,slp,Computers,0.5,0.3,"(3, 64, '0.5')","(4, 64, '0.3')",0.9505333333333333,0.9460000000000001,0.004533333333333278,False
fagcn,Photo,eps,homophily+slp,CS,0.5,0.5,"(3, 64, '0.5')","(3, 64, '0.5')",0.9505333333333333,0.9505333333333333,0.0,True
fagcn,Squirrel,full,default,,"(2, 64, '0.5')","(4, 64, '0.5')","(2, 64, '0.5')","(4, 64, '0.5')",0.3711333333333333,0.33876666666666666,0.032366666666666655,False
fagcn,Squirrel,full,homophily,Wisconsin,"(2, 64, '0.5')","(4, 64, '0.5')","(2, 64, '0.5')","(4, 64, '0.5')",0.3711333333333333,0.33876666666666666,0.032366666666666655,False
fagcn,Squirrel,full,slp,Cornell,"(2, 64, '0.5')","(4, 64, '0.5')","(2, 64, '0.5')","(4, 64, '0.5')",0.3711333333333333,0.33876666666666666,0.032366666666666655,False
fagcn,Squirrel,full,homophily+slp,Cornell,"(2, 64, '0.5')","(4, 64, '0.5')","(2, 64, '0.5')","(4, 64, '0.5')",0.3711333333333333,0.33876666666666666,0.032366666666666655,False
fagcn,Squirrel,depth,default,,2,4,"(2, 64, '0.5')","(4, 32, '0.4')",0.3711333333333333,0.3701666666666667,0.0009666666666666157,False
fagcn,Squirrel,depth,homophily,Wisconsin,2,4,"(2, 64, '0.5')","(4, 32, '0.4')",0.3711333333333333,0.3701666666666667,0.0009666666666666157,False
fagcn,Squirrel,depth,slp,Cornell,2,4,"(2, 64, '0.5')","(4, 32, '0.4')",0.3711333333333333,0.3701666666666667,0.0009666666666666157,False
fagcn,Squirrel,depth,homophily+slp,Cornell,2,4,"(2, 64, '0.5')","(4, 32, '0.4')",0.3711333333333333,0.3701666666666667,0.0009666666666666157,False
fagcn,Squirrel,hidden,default,,64,64,"(2, 64, '0.5')","(2, 64, '0.5')",0.3711333333333333,0.3711333333333333,0.0,True
fagcn,Squirrel,hidden,homophily,Wisconsin,64,64,"(2, 64, '0.5')","(2, 64, '0.5')",0.3711333333333333,0.3711333333333333,0.0,True
fagcn,Squirrel,hidden,slp,Cornell,64,64,"(2, 64, '0.5')","(2, 64, '0.5')",0.3711333333333333,0.3711333333333333,0.0,True
fagcn,Squirrel,hidden,homophily+slp,Cornell,64,64,"(2, 64, '0.5')","(2, 64, '0.5')",0.3711333333333333,0.3711333333333333,0.0,True
fagcn,Squirrel,eps,default,,0.5,0.5,"(2, 64, '0.5')","(2, 64, '0.5')",0.3711333333333333,0.3711333333333333,0.0,True
fagcn,Squirrel,eps,homophily,Wisconsin,0.5,0.5,"(2, 64, '0.5')","(2, 64, '0.5')",0.3711333333333333,0.3711333333333333,0.0,True
fagcn,Squirrel,eps,slp,Cornell,0.5,0.5,"(2, 64, '0.5')","(2, 64, '0.5')",0.3711333333333333,0.3711333333333333,0.0,True
fagcn,Squirrel,eps,homophily+slp,Cornell,0.5,0.5,"(2, 64, '0.5')","(2, 64, '0.5')",0.3711333333333333,0.3711333333333333,0.0,True
fagcn,Texas,full,default,,"(4, 32, '0.5')","(4, 64, '0.5')","(4, 32, '0.5')","(4, 64, '0.5')",0.7456333333333333,0.7456333333333333,0.0,False
fagcn,Texas,full,homophily,Cornell,"(4, 32, '0.5')","(4, 64, '0.5')","(4, 32, '0.5')","(4, 64, '0.5')",0.7456333333333333,0.7456333333333333,0.0,False
fagcn,Texas,full,slp,Wisconsin,"(4, 32, '0.5')","(4, 64, '0.5')","(4, 32, '0.5')","(4, 64, '0.5')",0.7456333333333333,0.7456333333333333,0.0,False
fagcn,Texas,full,homophily+slp,Wisconsin,"(4, 32, '0.5')","(4, 64, '0.5')","(4, 32, '0.5')","(4, 64, '0.5')",0.7456333333333333,0.7456333333333333,0.0,False
fagcn,Texas,depth,default,,4,4,"(4, 32, '0.5')","(4, 32, '0.5')",0.7456333333333333,0.7456333333333333,0.0,True
fagcn,Texas,depth,homophily,Cornell,4,4,"(4, 32, '0.5')","(4, 32, '0.5')",0.7456333333333333,0.7456333333333333,0.0,True
fagcn,Texas,depth,slp,Wisconsin,4,4,"(4, 32, '0.5')","(4, 32, '0.5')",0.7456333333333333,0.7456333333333333,0.0,True
fagcn,Texas,depth,homophily+slp,Wisconsin,4,4,"(4, 32, '0.5')","(4, 32, '0.5')",0.7456333333333333,0.7456333333333333,0.0,True
fagcn,Texas,hidden,default,,32,64,"(4, 32, '0.5')","(4, 64, '0.5')",0.7456333333333333,0.7456333333333333,0.0,False
fagcn,Texas,hidden,homophily,Cornell,32,64,"(4, 32, '0.5')","(4, 64, '0.5')",0.7456333333333333,0.7456333333333333,0.0,False
fagcn,Texas,hidden,slp,Wisconsin,32,64,"(4, 32, '0.5')","(4, 64, '0.5')",0.7456333333333333,0.7456333333333333,0.0,False
fagcn,Texas,hidden,homophily+slp,Wisconsin,32,64,"(4, 32, '0.5')","(4, 64, '0.5')",0.7456333333333333,0.7456333333333333,0.0,False
fagcn,Texas,eps,default,,0.5,0.5,"(4, 32, '0.5')","(4, 32, '0.5')",0.7456333333333333,0.7456333333333333,0.0,True
fagcn,Texas,eps,homophily,Cornell,0.5,0.5,"(4, 32, '0.5')","(4, 32, '0.5')",0.7456333333333333,0.7456333333333333,0.0,True
fagcn,Texas,eps,slp,Wisconsin,0.5,0.5,"(4, 32, '0.5')","(4, 32, '0.5')",0.7456333333333333,0.7456333333333333,0.0,True
fagcn,Texas,eps,homophily+slp,Wisconsin,0.5,0.5,"(4, 32, '0.5')","(4, 32, '0.5')",0.7456333333333333,0.7456333333333333,0.0,True
fagcn,Tolokers,full,default,,"(4, 16, '0.2')","(4, 64, '0.5')","(4, 16, '0.2')","(4, 64, '0.5')",0.7895,0.7883666666666667,0.0011333333333333195,False
fagcn,Tolokers,full,homophily,Minesweeper,"(4, 16, '0.2')","(2, 16, '0.3')","(4, 16, '0.2')","(2, 16, '0.3')",0.7895,0.7860999999999999,0.0034000000000000696,False
fagcn,Tolokers,full,slp,Squirrel,"(4, 16, '0.2')","(2, 64, '0.5')","(4, 16, '0.2')","(2, 64, '0.5')",0.7895,0.7856666666666667,0.0038333333333332442,False
fagcn,Tolokers,full,homophily+slp,Minesweeper,"(4, 16, '0.2')","(2, 16, '0.3')","(4, 16, '0.2')","(2, 16, '0.3')",0.7895,0.7860999999999999,0.0034000000000000696,False
fagcn,Tolokers,depth,default,,4,4,"(4, 16, '0.2')","(4, 16, '0.2')",0.7895,0.7895,0.0,True
fagcn,Tolokers,depth,homophily,Minesweeper,4,2,"(4, 16, '0.2')","(2, 64, '0.1')",0.7895,0.7889333333333334,0.0005666666666666043,False
fagcn,Tolokers,depth,slp,Squirrel,4,2,"(4, 16, '0.2')","(2, 64, '0.1')",0.7895,0.7889333333333334,0.0005666666666666043,False
fagcn,Tolokers,depth,homophily+slp,Minesweeper,4,2,"(4, 16, '0.2')","(2, 64, '0.1')",0.7895,0.7889333333333334,0.0005666666666666043,False
fagcn,Tolokers,hidden,default,,16,64,"(4, 16, '0.2')","(2, 64, '0.1')",0.7895,0.7889333333333334,0.0005666666666666043,False
fagcn,Tolokers,hidden,homophily,Minesweeper,16,16,"(4, 16, '0.2')","(4, 16, '0.2')",0.7895,0.7895,0.0,True
fagcn,Tolokers,hidden,slp,Squirrel,16,64,"(4, 16, '0.2')","(2, 64, '0.1')",0.7895,0.7889333333333334,0.0005666666666666043,False
fagcn,Tolokers,hidden,homophily+slp,Minesweeper,16,16,"(4, 16, '0.2')","(4, 16, '0.2')",0.7895,0.7895,0.0,True
fagcn,Tolokers,eps,default,,0.2,0.5,"(4, 16, '0.2')","(4, 16, '0.5')",0.7895,0.7883666666666667,0.0011333333333333195,False
fagcn,Tolokers,eps,homophily,Minesweeper,0.2,0.3,"(4, 16, '0.2')","(4, 16, '0.3')",0.7895,0.7879333333333333,0.0015666666666667162,False
fagcn,Tolokers,eps,slp,Squirrel,0.2,0.5,"(4, 16, '0.2')","(4, 16, '0.5')",0.7895,0.7883666666666667,0.0011333333333333195,False
fagcn,Tolokers,eps,homophily+slp,Minesweeper,0.2,0.3,"(4, 16, '0.2')","(4, 16, '0.3')",0.7895,0.7879333333333333,0.0015666666666667162,False
fagcn,Wisconsin,full,default,,"(4, 64, '0.5')","(3, 64, '0.5')","(4, 64, '0.5')","(3, 64, '0.5')",0.8169666666666666,0.7778,0.03916666666666657,False
fagcn,Wisconsin,full,homophily,Actor,"(4, 64, '0.5')","(3, 32, '0.5')","(4, 64, '0.5')","(3, 32, '0.5')",0.8169666666666666,0.7908333333333334,0.02613333333333323,False
fagcn,Wisconsin,full,slp,Texas,"(4, 64, '0.5')","(4, 32, '0.5')","(4, 64, '0.5')","(4, 32, '0.5')",0.8169666666666666,0.7516333333333334,0.06533333333333324,False
fagcn,Wisconsin,full,homophily+slp,Texas,"(4, 64, '0.5')","(4, 32, '0.5')","(4, 64, '0.5')","(4, 32, '0.5')",0.8169666666666666,0.7516333333333334,0.06533333333333324,False
fagcn,Wisconsin,depth,default,,4,4,"(4, 64, '0.5')","(4, 64, '0.5')",0.8169666666666666,0.8169666666666666,0.0,True
fagcn,Wisconsin,depth,homophily,Actor,4,3,"(4, 64, '0.5')","(3, 64, '0.4')",0.8169666666666666,0.7973666666666667,0.01959999999999995,False
fagcn,Wisconsin,depth,slp,Texas,4,4,"(4, 64, '0.5')","(4, 64, '0.5')",0.8169666666666666,0.8169666666666666,0.0,True
fagcn,Wisconsin,depth,homophily+slp,Texas,4,4,"(4, 64, '0.5')","(4, 64, '0.5')",0.8169666666666666,0.8169666666666666,0.0,True
fagcn,Wisconsin,hidden,default,,64,64,"(4, 64, '0.5')","(4, 64, '0.5')",0.8169666666666666,0.8169666666666666,0.0,True
fagcn,Wisconsin,hidden,homophily,Actor,64,32,"(4, 64, '0.5')","(3, 32, '0.5')",0.8169666666666666,0.7908333333333334,0.02613333333333323,False
fagcn,Wisconsin,hidden,slp,Texas,64,32,"(4, 64, '0.5')","(3, 32, '0.5')",0.8169666666666666,0.7908333333333334,0.02613333333333323,False
fagcn,Wisconsin,hidden,homophily+slp,Texas,64,32,"(4, 64, '0.5')","(3, 32, '0.5')",0.8169666666666666,0.7908333333333334,0.02613333333333323,False
fagcn,Wisconsin,eps,default,,0.5,0.5,"(4, 64, '0.5')","(4, 64, '0.5')",0.8169666666666666,0.8169666666666666,0.0,True
fagcn,Wisconsin,eps,homophily,Actor,0.5,0.5,"(4, 64, '0.5')","(4, 64, '0.5')",0.8169666666666666,0.8169666666666666,0.0,True
fagcn,Wisconsin,eps,slp,Texas,0.5,0.5,"(4, 64, '0.5')","(4, 64, '0.5')",0.8169666666666666,0.8169666666666666,0.0,True
fagcn,Wisconsin,eps,homophily+slp,Texas,0.5,0.5,"(4, 64, '0.5')","(4, 64, '0.5')",0.8169666666666666,0.8169666666666666,0.0,True
gcn,Actor,full,default,,"(2, 64, 'na')","(3, 32, 'na')","(2, 64, 'na')","(3, 32, 'na')",0.29606666666666664,0.28663333333333335,0.009433333333333294,False
gcn,Actor,full,homophily,Wisconsin,"(2, 64, 'na')","(3, 32, 'na')","(2, 64, 'na')","(3, 32, 'na')",0.29606666666666664,0.28663333333333335,0.009433333333333294,False
gcn,Actor,full,slp,Cornell,"(2, 64, 'na')","(4, 32, 'na')","(2, 64, 'na')","(4, 32, 'na')",0.29606666666666664,0.27499999999999997,0.021066666666666678,False
gcn,Actor,full,homophily+slp,Cornell,"(2, 64, 'na')","(4, 32, 'na')","(2, 64, 'na')","(4, 32, 'na')",0.29606666666666664,0.27499999999999997,0.021066666666666678,False
gcn,Actor,depth,default,,2,3,"(2, 64, 'na')","(3, 64, 'na')",0.29606666666666664,0.2897,0.006366666666666632,False
gcn,Actor,depth,homophily,Wisconsin,2,3,"(2, 64, 'na')","(3, 64, 'na')",0.29606666666666664,0.2897,0.006366666666666632,False
gcn,Actor,depth,slp,Cornell,2,4,"(2, 64, 'na')","(4, 64, 'na')",0.29606666666666664,0.27586666666666665,0.020199999999999996,False
gcn,Actor,depth,homophily+slp,Cornell,2,4,"(2, 64, 'na')","(4, 64, 'na')",0.29606666666666664,0.27586666666666665,0.020199999999999996,False
gcn,Actor,hidden,default,,64,64,"(2, 64, 'na')","(2, 64, 'na')",0.29606666666666664,0.29606666666666664,0.0,True
gcn,Actor,hidden,homophily,Wisconsin,64,32,"(2, 64, 'na')","(3, 32, 'na')",0.29606666666666664,0.28663333333333335,0.009433333333333294,False
gcn,Actor,hidden,slp,Cornell,64,32,"(2, 64, 'na')","(3, 32, 'na')",0.29606666666666664,0.28663333333333335,0.009433333333333294,False
gcn,Actor,hidden,homophily+slp,Cornell,64,32,"(2, 64, 'na')","(3, 32, 'na')",0.29606666666666664,0.28663333333333335,0.009433333333333294,False
gcn,CS,full,default,,"(2, 64, 'na')","(3, 32, 'na')","(2, 64, 'na')","(3, 32, 'na')",0.9372333333333334,0.9288333333333334,0.008399999999999963,False
gcn,CS,full,homophily,Cora,"(2, 64, 'na')","(2, 64, 'na')","(2, 64, 'na')","(2, 64, 'na')",0.9372333333333334,0.9372333333333334,0.0,True
gcn,CS,full,slp,Photo,"(2, 64, 'na')","(2, 32, 'na')","(2, 64, 'na')","(2, 32, 'na')",0.9372333333333334,0.9370333333333334,0.00019999999999997797,False
gcn,CS,full,homophily+slp,Photo,"(2, 64, 'na')","(2, 32, 'na')","(2, 64, 'na')","(2, 32, 'na')",0.9372333333333334,0.9370333333333334,0.00019999999999997797,False
gcn,CS,depth,default,,2,3,"(2, 64, 'na')","(3, 64, 'na')",0.9372333333333334,0.9306666666666666,0.006566666666666721,False
gcn,CS,depth,homophily,Cora,2,2,"(2, 64, 'na')","(2, 64, 'na')",0.9372333333333334,0.9372333333333334,0.0,True
gcn,CS,depth,slp,Photo,2,2,"(2, 64, 'na')","(2, 64, 'na')",0.9372333333333334,0.9372333333333334,0.0,True
gcn,CS,depth,homophily+slp,Photo,2,2,"(2, 64, 'na')","(2, 64, 'na')",0.9372333333333334,0.9372333333333334,0.0,True
gcn,CS,hidden,default,,64,64,"(2, 64, 'na')","(2, 64, 'na')",0.9372333333333334,0.9372333333333334,0.0,True
gcn,CS,hidden,homophily,Cora,64,64,"(2, 64, 'na')","(2, 64, 'na')",0.9372333333333334,0.9372333333333334,0.0,True
gcn,CS,hidden,slp,Photo,64,32,"(2, 64, 'na')","(2, 32, 'na')",0.9372333333333334,0.9370333333333334,0.00019999999999997797,False
gcn,CS,hidden,homophily+slp,Photo,64,32,"(2, 64, 'na')","(2, 32, 'na')",0.9372333333333334,0.9370333333333334,0.00019999999999997797,False
gcn,Chameleon,full,default,,"(2, 16, 'na')","(3, 32, 'na')","(2, 16, 'na')","(3, 32, 'na')",0.3918333333333333,0.3889,0.002933333333333288,False
gcn,Chameleon,full,homophily,Squirrel,"(2, 16, 'na')","(3, 32, 'na')","(2, 16, 'na')","(3, 32, 'na')",0.3918333333333333,0.3889,0.002933333333333288,False
gcn,Chameleon,full,slp,Cornell,"(2, 16, 'na')","(4, 32, 'na')","(2, 16, 'na')","(4, 32, 'na')",0.3918333333333333,0.36403333333333326,0.027800000000000047,False
gcn,Chameleon,full,homophily+slp,Cornell,"(2, 16, 'na')","(4, 32, 'na')","(2, 16, 'na')","(4, 32, 'na')",0.3918333333333333,0.36403333333333326,0.027800000000000047,False
gcn,Chameleon,depth,default,,2,3,"(2, 16, 'na')","(3, 64, 'na')",0.3918333333333333,0.39033333333333337,0.0014999999999999458,False
gcn,Chameleon,depth,homophily,Squirrel,2,3,"(2, 16, 'na')","(3, 64, 'na')",0.3918333333333333,0.39033333333333337,0.0014999999999999458,False
gcn,Chameleon,depth,slp,Cornell,2,4,"(2, 16, 'na')","(4, 64, 'na')",0.3918333333333333,0.3713333333333333,0.020500000000000018,False
gcn,Chameleon,depth,homophily+slp,Cornell,2,4,"(2, 16, 'na')","(4, 64, 'na')",0.3918333333333333,0.3713333333333333,0.020500000000000018,False
gcn,Chameleon,hidden,default,,16,64,"(2, 16, 'na')","(3, 64, 'na')",0.3918333333333333,0.39033333333333337,0.0014999999999999458,False
gcn,Chameleon,hidden,homophily,Squirrel,16,32,"(2, 16, 'na')","(3, 32, 'na')",0.3918333333333333,0.3889,0.002933333333333288,False
gcn,Chameleon,hidden,slp,Cornell,16,32,"(2, 16, 'na')","(3, 32, 'na')",0.3918333333333333,0.3889,0.002933333333333288,False
gcn,Chameleon,hidden,homophily+slp,Cornell,16,32,"(2, 16, 'na')","(3, 32, 'na')",0.3918333333333333,0.3889,0.002933333333333288,False
gcn,CiteSeer,full,default,,"(2, 64, 'na')","(3, 32, 'na')","(2, 64, 'na')","(3, 32, 'na')",0.7688,0.7568,0.01200000000000001,False
gcn,CiteSeer,full,homophily,Computers,"(2, 64, 'na')","(2, 64, 'na')","(2, 64, 'na')","(2, 64, 'na')",0.7688,0.7688,0.0,True
gcn,CiteSeer,full,slp,Cora,"(2, 64, 'na')","(2, 64, 'na')","(2, 64, 'na')","(2, 64, 'na')",0.7688,0.7688,0.0,True
gcn,CiteSeer,full,homophily+slp,Cora,"(2, 64, 'na')","(2, 64, 'na')","(2, 64, 'na')","(2, 64, 'na')",0.7688,0.7688,0.0,True
gcn,CiteSeer,depth,default,,2,3,"(2, 64, 'na')","(3, 64, 'na')",0.7688,0.7572666666666666,0.011533333333333395,False
gcn,CiteSeer,depth,homophily,Computers,2,2,"(2, 64, 'na')","(2, 64, 'na')",0.7688,0.7688,0.0,True
gcn,CiteSeer,depth,slp,Cora,2,2,"(2, 64, 'na')","(2, 64, 'na')",0.7688,0.7688,0.0,True
gcn,CiteSeer,depth,homophily+slp,Cora,2,2,"(2, 64, 'na')","(2, 64, 'na')",0.7688,0.7688,0.0,True
gcn,CiteSeer,hidden,default,,64,64,"(2, 64, 'na')","(2, 64, 'na')",0.7688,0.7688,0.0,True
gcn,CiteSeer,hidden,homophily,Computers,64,64,"(2, 64, 'na')","(2, 64, 'na')",0.7688,0.7688,0.0,True
gcn,CiteSeer,hidden,slp,Cora,64,64,"(2, 64, 'na')","(2, 64, 'na')",0.7688,0.7688,0.0,True
gcn,CiteSeer,hidden,homophily+slp,Cora,64,64,"(2, 64, 'na')","(2, 64, 'na')",0.7688,0.7688,0.0,True
gcn,Computers,full,default,,"(2, 64, 'na')","(3, 32, 'na')","(2, 64, 'na')","(3, 32, 'na')",0.8964,0.8782333333333333,0.018166666666666664,False
gcn,Computers,full,homophily,CS,"(2, 64, 'na')","(2, 64, 'na')","(2, 64, 'na')","(2, 64, 'na')",0.8964,0.8964,0.0,True
gcn,Computers,full,slp,Photo,"(2, 64, 'na')","(2, 32, 'na')","(2, 64, 'na')","(2, 32, 'na')",0.8964,0.8221333333333334,0.07426666666666659,False
gcn,Computers,full,homophily+slp,Photo,"(2, 64, 'na')","(2, 32, 'na')","(2, 64, 'na')","(2, 32, 'na')",0.8964,0.8221333333333334,0.07426666666666659,False
gcn,Computers,depth,default,,2,3,"(2, 64, 'na')","(3, 64, 'na')",0.8964,0.8841333333333333,0.012266666666666648,False
gcn,Computers,depth,homophily,CS,2,2,"(2, 64, 'na')","(2, 64, 'na')",0.8964,0.8964,0.0,True
gcn,Computers,depth,slp,Photo,2,2,"(2, 64, 'na')","(2, 64, 'na')",0.8964,0.8964,0.0,True
gcn,Computers,depth,homophily+slp,Photo,2,2,"(2, 64, 'na')","(2, 64, 'na')",0.8964,0.8964,0.0,True
gcn,Computers,hidden,default,,64,32,"(2, 64, 'na')","(3, 32, 'na')",0.8964,0.8782333333333333,0.018166666666666664,False
gcn,Computers,hidden,homophily,CS,64,64,"(2, 64, 'na')","(2, 64, 'na')",0.8964,0.8964,0.0,True
gcn,Computers,hidden,slp,Photo,64,32,"(2, 64, 'na')","(3, 32, 'na')",0.8964,0.8782333333333333,0.018166666666666664,False
gcn,Computers,hidden,homophily+slp,Photo,64,32,"(2, 64, 'na')","(3, 32, 'na')",0.8964,0.8782333333333333,0.018166666666666664,False
gcn,Cora,full,default,,"(2, 64, 'na')","(3, 32, 'na')","(2, 64, 'na')","(3, 32, 'na')",0.8803,0.876,0.0042999999999999705,False
gcn,Cora,full,homophily,Photo,"(2, 64, 'na')","(2, 32, 'na')","(2, 64, 'na')","(2, 32, 'na')",0.8803,0.8784666666666666,0.0018333333333333535,False
gcn,Cora,full,slp,CiteSeer,"(2, 64, 'na')","(2, 64, 'na')","(2, 64, 'na')","(2, 64, 'na')",0.8803,0.8803,0.0,True
gcn,Cora,full,homophily+slp,CiteSeer,"(2, 64, 'na')","(2, 64, 'na')","(2, 64, 'na')","(2, 64, 'na')",0.8803,0.8803,0.0,True
gcn,Cora,depth,default,,2,3,"(2, 64, 'na')","(3, 32, 'na')",0.8803,0.876,0.0042999999999999705,False
gcn,Cora,depth,homophily,Photo,2,2,"(2, 64, 'na')","(2, 64, 'na')",0.8803,0.8803,0.0,True
gcn,Cora,depth,slp,CiteSeer,2,2,"(2, 64, 'na')","(2, 64, 'na')",0.8803,0.8803,0.0,True
gcn,Cora,depth,homophily+slp,CiteSeer,2,2,"(2, 64, 'na')","(2, 64, 'na')",0.8803,0.8803,0.0,True
gcn,Cora,hidden,default,,64,64,"(2, 64, 'na')","(2, 64, 'na')",0.8803,0.8803,0.0,True
gcn,Cora,hidden,homophily,Photo,64,32,"(2, 64, 'na')","(2, 32, 'na')",0.8803,0.8784666666666666,0.0018333333333333535,False
gcn,Cora,hidden,slp,CiteSeer,64,64,"(2, 64, 'na')","(2, 64, 'na')",0.8803,0.8803,0.0,True
gcn,Cora,hidden,homophily+slp,CiteSeer,64,64,"(2, 64, 'na')","(2, 64, 'na')",0.8803,0.8803,0.0,True
gcn,Cornell,full,default,,"(4, 32, 'na')","(3, 32, 'na')","(4, 32, 'na')","(3, 32, 'na')",0.5175666666666667,0.5087666666666667,0.00880000000000003,False
gcn,Cornell,full,homophily,Actor,"(4, 32, 'na')","(2, 64, 'na')","(4, 32, 'na')","(2, 64, 'na')",0.5175666666666667,0.4122666666666667,0.1053,False
gcn,Cornell,full,slp,Actor,"(4, 32, 'na')","(2, 64, 'na')","(4, 32, 'na')","(2, 64, 'na')",0.5175666666666667,0.4122666666666667,0.1053,False
gcn,Cornell,full,homophily+slp,Actor,"(4, 32, 'na')","(2, 64, 'na')","(4, 32, 'na')","(2, 64, 'na')",0.5175666666666667,0.4122666666666667,0.1053,False
gcn,Cornell,depth,default,,4,2,"(4, 32, 'na')","(2, 16, 'na')",0.5175666666666667,0.48246666666666665,0.035100000000000076,False
gcn,Cornell,depth,homophily,Actor,4,2,"(4, 32, 'na')","(2, 16, 'na')",0.5175666666666667,0.48246666666666665,0.035100000000000076,False
gcn,Cornell,depth,slp,Actor,4,2,"(4, 32, 'na')","(2, 16, 'na')",0.5175666666666667,0.48246666666666665,0.035100000000000076,False
gcn,Cornell,depth,homophily+slp,Actor,4,2,"(4, 32, 'na')","(2, 16, 'na')",0.5175666666666667,0.48246666666666665,0.035100000000000076,False
gcn,Cornell,hidden,default,,32,64,"(4, 32, 'na')","(4, 64, 'na')",0.5175666666666667,0.5175666666666667,0.0,False
gcn,Cornell,hidden,homophily,Actor,32,64,"(4, 32, 'na')","(4, 64, 'na')",0.5175666666666667,0.5175666666666667,0.0,False
gcn,Cornell,hidden,slp,Actor,32,64,"(4, 32, 'na')","(4, 64, 'na')",0.5175666666666667,0.5175666666666667,0.0,False
gcn,Cornell,hidden,homophily+slp,Actor,32,64,"(4, 32, 'na')","(4, 64, 'na')",0.5175666666666667,0.5175666666666667,0.0,False
gcn,Minesweeper,full,default,,"(2, 16, 'na')","(3, 32, 'na')","(2, 16, 'na')","(3, 32, 'na')",0.7953333333333333,0.7951666666666667,0.0001666666666666483,False
gcn,Minesweeper,full,homophily,Tolokers,"(2, 16, 'na')","(2, 64, 'na')","(2, 16, 'na')","(2, 64, 'na')",0.7953333333333333,0.7951666666666667,0.0001666666666666483,False
gcn,Minesweeper,full,slp,Tolokers,"(2, 16, 'na')","(2, 64, 'na')","(2, 16, 'na')","(2, 64, 'na')",0.7953333333333333,0.7951666666666667,0.0001666666666666483,False
gcn,Minesweeper,full,homophily+slp,Tolokers,"(2, 16, 'na')","(2, 64, 'na')","(2, 16, 'na')","(2, 64, 'na')",0.7953333333333333,0.7951666666666667,0.0001666666666666483,False
gcn,Minesweeper,depth,default,,2,3,"(2, 16, 'na')","(3, 16, 'na')",0.7953333333333333,0.7951666666666667,0.0001666666666666483,False
gcn,Minesweeper,depth,homophily,Tolokers,2,2,"(2, 16, 'na')","(2, 16, 'na')",0.7953333333333333,0.7953333333333333,0.0,True
gcn,Minesweeper,depth,slp,Tolokers,2,2,"(2, 16, 'na')","(2, 16, 'na')",0.7953333333333333,0.7953333333333333,0.0,True
gcn,Minesweeper,depth,homophily+slp,Tolokers,2,2,"(2, 16, 'na')","(2, 16, 'na')",0.7953333333333333,0.7953333333333333,0.0,True
gcn,Minesweeper,hidden,default,,16,64,"(2, 16, 'na')","(2, 64, 'na')",0.7953333333333333,0.7951666666666667,0.0001666666666666483,False
gcn,Minesweeper,hidden,homophily,Tolokers,16,64,"(2, 16, 'na')","(2, 64, 'na')",0.7953333333333333,0.7951666666666667,0.0001666666666666483,False
gcn,Minesweeper,hidden,slp,Tolokers,16,64,"(2, 16, 'na')","(2, 64, 'na')",0.7953333333333333,0.7951666666666667,0.0001666666666666483,False
gcn,Minesweeper,hidden,homophily+slp,Tolokers,16,64,"(2, 16, 'na')","(2, 64, 'na')",0.7953333333333333,0.7951666666666667,0.0001666666666666483,False
gcn,Photo,full,default,,"(2, 32, 'na')","(3, 32, 'na')","(2, 32, 'na')","(3, 32, 'na')",0.9344,0.9233333333333333,0.011066666666666669,False
gcn,Photo,full,homophily,Cora,"(2, 32, 'na')","(2, 64, 'na')","(2, 32, 'na')","(2, 64, 'na')",0.9344,0.9292333333333334,0.005166666666666653,False
gcn,Photo,full,slp,Computers,"(2, 32, 'na')","(2, 64, 'na')","(2, 32, 'na')","(2, 64, 'na')",0.9344,0.9292333333333334,0.005166666666666653,False
gcn,Photo,full,homophily+slp,CS,"(2, 32, 'na')","(2, 64, 'na')","(2, 32, 'na')","(2, 64, 'na')",0.9344,0.9292333333333334,0.005166666666666653,False
gcn,Photo,depth,default,,2,3,"(2, 32, 'na')","(3, 64, 'na')",0.9344,0.9248666666666666,0.009533333333333394,False
gcn,Photo,depth,homophily,Cora,2,2,"(2, 32, 'na')","(2, 32, 'na')",0.9344,0.9344,0.0,True
gcn,Photo,depth,slp,Computers,2,2,"(2, 32, 'na')","(2, 32, 'na')",0.9344,0.9344,0.0,True
gcn,Photo,depth,homophily+slp,CS,2,2,"(2, 32, 'na')","(2, 32, 'na')",0.9344,0.9344,0.0,True
gcn,Photo,hidden,default,,32,64,"(2, 32, 'na')","(2, 64, 'na')",0.9344,0.9292333333333334,0.005166666666666653,False
gcn,Photo,hidden,homophily,Cora,32,64,"(2, 32, 'na')","(2, 64, 'na')",0.9344,0.9292333333333334,0.005166666666666653,False
gcn,Photo,hidden,slp,Computers,32,64,"(2, 32, 'na')","(2, 64, 'na')",0.9344,0.9292333333333334,0.005166666666666653,False
gcn,Photo,hidden,homophily+slp,CS,32,64,"(2, 32, 'na')","(2, 64, 'na')",0.9344,0.9292333333333334,0.005166666666666653,False
gcn,Squirrel,full,default,,"(3, 32, 'na')","(3, 32, 'na')","(3, 32, 'na')","(3, 32, 'na')",0.2555,0.2555,0.0,True
gcn,Squirrel,full,homophily,Wisconsin,"(3, 32, 'na')","(3, 32, 'na')","(3, 32, 'na')","(3, 32, 'na')",0.2555,0.2555,0.0,True
gcn,Squirrel,full,slp,Cornell,"(3, 32, 'na')","(4, 32, 'na')","(3, 32, 'na')","(4, 32, 'na')",0.2555,0.23953333333333335,0.015966666666666657,False
gcn,Squirrel,full,homophily+slp,Cornell,"(3, 32, 'na')","(4, 32, 'na')","(3, 32, 'na')","(4, 32, 'na')",0.2555,0.23953333333333335,0.015966666666666657,False
gcn,Squirrel,depth,default,,3,3,"(3, 32, 'na')","(3, 32, 'na')",0.2555,0.2555,0.0,True
gcn,Squirrel,depth,homophily,Wisconsin,3,3,"(3, 32, 'na')","(3, 32, 'na')",0.2555,0.2555,0.0,True
gcn,Squirrel,depth,slp,Cornell,3,4,"(3, 32, 'na')","(4, 32, 'na')",0.2555,0.23953333333333335,0.015966666666666657,False
gcn,Squirrel,depth,homophily+slp,Cornell,3,4,"(3, 32, 'na')","(4, 32, 'na')",0.2555,0.23953333333333335,0.015966666666666657,False
gcn,Squirrel,hidden,default,,32,64,"(3, 32, 'na')","(3, 64, 'na')",0.2555,0.25166666666666665,0.0038333333333333552,False
gcn,Squirrel,hidden,homophily,Wisconsin,32,32,"(3, 32, 'na')","(3, 32, 'na')",0.2555,0.2555,0.0,True
gcn,Squirrel,hidden,slp,Cornell,32,32,"(3, 32, 'na')","(3, 32, 'na')",0.2555,0.2555,0.0,True
gcn,Squirrel,hidden,homophily+slp,Cornell,32,32,"(3, 32, 'na')","(3, 32, 'na')",0.2555,0.2555,0.0,True
gcn,Texas,full,default,,"(3, 32, 'na')","(3, 32, 'na')","(3, 32, 'na')","(3, 32, 'na')",0.5263,0.5263,0.0,True
gcn,Texas,full,homophily,Cornell,"(3, 32, 'na')","(4, 32, 'na')","(3, 32, 'na')","(4, 32, 'na')",0.5263,0.49123333333333336,0.035066666666666635,False
gcn,Texas,full,slp,Wisconsin,"(3, 32, 'na')","(3, 32, 'na')","(3, 32, 'na')","(3, 32, 'na')",0.5263,0.5263,0.0,True
gcn,Texas,full,homophily+slp,Wisconsin,"(3, 32, 'na')","(3, 32, 'na')","(3, 32, 'na')","(3, 32, 'na')",0.5263,0.5263,0.0,True
gcn,Texas,depth,default,,3,2,"(3, 32, 'na')","(2, 16, 'na')",0.5263,0.5,0.02629999999999999,False
gcn,Texas,depth,homophily,Cornell,3,4,"(3, 32, 'na')","(4, 16, 'na')",0.5263,0.5,0.02629999999999999,False
gcn,Texas,depth,slp,Wisconsin,3,3,"(3, 32, 'na')","(3, 32, 'na')",0.5263,0.5263,0.0,True
gcn,Texas,depth,homophily+slp,Wisconsin,3,3,"(3, 32, 'na')","(3, 32, 'na')",0.5263,0.5263,0.0,True
gcn,Texas,hidden,default,,32,64,"(3, 32, 'na')","(3, 64, 'na')",0.5263,0.5087666666666667,0.01753333333333329,False
gcn,Texas,hidden,homophily,Cornell,32,32,"(3, 32, 'na')","(3, 32, 'na')",0.5263,0.5263,0.0,True
gcn,Texas,hidden,slp,Wisconsin,32,32,"(3, 32, 'na')","(3, 32, 'na')",0.5263,0.5263,0.0,True
gcn,Texas,hidden,homophily+slp,Wisconsin,32,32,"(3, 32, 'na')","(3, 32, 'na')",0.5263,0.5263,0.0,True
gcn,Tolokers,full,default,,"(2, 64, 'na')","(3, 32, 'na')","(2, 64, 'na')","(3, 32, 'na')",0.7844000000000001,0.7832666666666667,0.0011333333333334306,False
gcn,Tolokers,full,homophily,Minesweeper,"(2, 64, 'na')","(2, 16, 'na')","(2, 64, 'na')","(2, 16, 'na')",0.7844000000000001,0.7828333333333334,0.0015666666666667162,False
gcn,Tolokers,full,slp,Squirrel,"(2, 64, 'na')","(3, 32, 'na')","(2, 64, 'na')","(3, 32, 'na')",0.7844000000000001,0.7832666666666667,0.0011333333333334306,False
gcn,Tolokers,full,homophily+slp,Minesweeper,"(2, 64, 'na')","(2, 16, 'na')","(2, 64, 'na')","(2, 16, 'na')",0.7844000000000001,0.7828333333333334,0.0015666666666667162,False
gcn,Tolokers,depth,default,,2,3,"(2, 64, 'na')","(3, 32, 'na')",0.7844000000000001,0.7832666666666667,0.0011333333333334306,False
gcn,Tolokers,depth,homophily,Minesweeper,2,2,"(2, 64, 'na')","(2, 64, 'na')",0.7844000000000001,0.7844000000000001,0.0,True
gcn,Tolokers,depth,slp,Squirrel,2,3,"(2, 64, 'na')","(3, 32, 'na')",0.7844000000000001,0.7832666666666667,0.0011333333333334306,False
gcn,Tolokers,depth,homophily+slp,Minesweeper,2,2,"(2, 64, 'na')","(2, 64, 'na')",0.7844000000000001,0.7844000000000001,0.0,True
gcn,Tolokers,hidden,default,,64,64,"(2, 64, 'na')","(2, 64, 'na')",0.7844000000000001,0.7844000000000001,0.0,True
gcn,Tolokers,hidden,homophily,Minesweeper,64,16,"(2, 64, 'na')","(4, 16, 'na')",0.7844000000000001,0.7832666666666667,0.0011333333333334306,False
gcn,Tolokers,hidden,slp,Squirrel,64,32,"(2, 64, 'na')","(3, 32, 'na')",0.7844000000000001,0.7832666666666667,0.0011333333333334306,False
gcn,Tolokers,hidden,homophily+slp,Minesweeper,64,16,"(2, 64, 'na')","(4, 16, 'na')",0.7844000000000001,0.7832666666666667,0.0011333333333334306,False
gcn,Wisconsin,full,default,,"(3, 32, 'na')","(3, 32, 'na')","(3, 32, 'na')","(3, 32, 'na')",0.5490333333333334,0.5490333333333334,0.0,True
gcn,Wisconsin,full,homophily,Actor,"(3, 32, 'na')","(2, 64, 'na')","(3, 32, 'na')","(2, 64, 'na')",0.5490333333333334,0.5424666666666668,0.00656666666666661,False
gcn,Wisconsin,full,slp,Texas,"(3, 32, 'na')","(3, 32, 'na')","(3, 32, 'na')","(3, 32, 'na')",0.5490333333333334,0.5490333333333334,0.0,True
gcn,Wisconsin,full,homophily+slp,Texas,"(3, 32, 'na')","(3, 32, 'na')","(3, 32, 'na')","(3, 32, 'na')",0.5490333333333334,0.5490333333333334,0.0,True
gcn,Wisconsin,depth,default,,3,2,"(3, 32, 'na')","(2, 64, 'na')",0.5490333333333334,0.5424666666666668,0.00656666666666661,False
gcn,Wisconsin,depth,homophily,Actor,3,2,"(3, 32, 'na')","(2, 64, 'na')",0.5490333333333334,0.5424666666666668,0.00656666666666661,False
gcn,Wisconsin,depth,slp,Texas,3,3,"(3, 32, 'na')","(3, 32, 'na')",0.5490333333333334,0.5490333333333334,0.0,True
gcn,Wisconsin,depth,homophily+slp,Texas,3,3,"(3, 32, 'na')","(3, 32, 'na')",0.5490333333333334,0.5490333333333334,0.0,True
gcn,Wisconsin,hidden,default,,32,64,"(3, 32, 'na')","(3, 64, 'na')",0.5490333333333334,0.5490333333333334,0.0,False
gcn,Wisconsin,hidden,homophily,Actor,32,64,"(3, 32, 'na')","(3, 64, 'na')",0.5490333333333334,0.5490333333333334,0.0,False
gcn,Wisconsin,hidden,slp,Texas,32,32,"(3, 32, 'na')","(3, 32, 'na')",0.5490333333333334,0.5490333333333334,0.0,True
gcn,Wisconsin,hidden,homophily+slp,Texas,32,32,"(3, 32, 'na')","(3, 32, 'na')",0.5490333333333334,0.5490333333333334,0.0,True
hfgcn,Actor,full,default,,"(2, 32, 'na')","(4, 64, 'na')","(2, 32, 'na')","(4, 64, 'na')",0.3153333333333333,0.27673333333333333,0.03859999999999997,False
hfgcn,Actor,full,homophily,Wisconsin,"(2, 32, 'na')","(2, 64, 'na')","(2, 32, 'na')","(2, 64, 'na')",0.3153333333333333,0.31053333333333333,0.004799999999999971,False
hfgcn,Actor,full,slp,Cornell,"(2, 32, 'na')","(2, 32, 'na')","(2, 32, 'na')","(2, 32, 'na')",0.3153333333333333,0.3153333333333333,0.0,True
hfgcn,Actor,full,homophily+slp,Cornell,"(2, 32, 'na')","(2, 32, 'na')","(2, 32, 'na')","(2, 32, 'na')",0.3153333333333333,0.3153333333333333,0.0,True
hfgcn,Actor,depth,default,,2,4,"(2, 32, 'na')","(4, 16, 'na')",0.3153333333333333,0.2866,0.028733333333333277,False
hfgcn,Actor,depth,homophily,Wisconsin,2,2,"(2, 32, 'na')","(2, 32, 'na')",0.3153333333333333,0.3153333333333333,0.0,True
hfgcn,Actor,depth,slp,Cornell,2,2,"(2, 32, 'na')","(2, 32, 'na')",0.3153333333333333,0.3153333333333333,0.0,True
hfgcn,Actor,depth,homophily+slp,Cornell,2,2,"(2, 32, 'na')","(2, 32, 'na')",0.3153333333333333,0.3153333333333333,0.0,True
hfgcn,Actor,hidden,default,,32,64,"(2, 32, 'na')","(2, 64, 'na')",0.3153333333333333,0.31053333333333333,0.004799999999999971,False
hfgcn,Actor,hidden,homophily,Wisconsin,32,64,"(2, 32, 'na')","(2, 64, 'na')",0.3153333333333333,0.31053333333333333,0.004799999999999971,False
hfgcn,Actor,hidden,slp,Cornell,32,32,"(2, 32, 'na')","(2, 32, 'na')",0.3153333333333333,0.3153333333333333,0.0,True
hfgcn,Actor,hidden,homophily+slp,Cornell,32,32,"(2, 32, 'na')","(2, 32, 'na')",0.3153333333333333,0.3153333333333333,0.0,True
hfgcn,CS,full,default,,"(4, 64, 'na')","(4, 64, 'na')","(4, 64, 'na')","(4, 64, 'na')",0.35106666666666664,0.35106666666666664,0.0,True
hfgcn,CS,full,homophily,Cora,"(4, 64, 'na')","(4, 64, 'na')","(4, 64, 'na')","(4, 64, 'na')",0.35106666666666664,0.35106666666666664,0.0,True
hfgcn,CS,full,slp,Photo,"(4, 64, 'na')","(4, 32, 'na')","(4, 64, 'na')","(4, 32, 'na')",0.35106666666666664,0.3204,0.03066666666666662,False
hfgcn,CS,full,homophily+slp,Photo,"(4, 64, 'na')","(4, 32, 'na')","(4, 64, 'na')","(4, 32, 'na')",0.35106666666666664,0.3204,0.03066666666666662,False
hfgcn,CS,depth,default,,4,4,"(4, 64, 'na')","(4, 64, 'na')",0.35106666666666664,0.35106666666666664,0.0,True
hfgcn,CS,depth,homophily,Cora,4,4,"(4, 64, 'na')","(4, 64, 'na')",0.35106666666666664,0.35106666666666664,0.0,True
hfgcn,CS,depth,slp,Photo,4,4,"(4, 64, 'na')","(4, 64, 'na')",0.35106666666666664,0.35106666666666664,0.0,True
hfgcn,CS,depth,homophily+slp,Photo,4,4,"(4, 64, 'na')","(4, 64, 'na')",0.35106666666666664,0.35106666666666664,0.0,True
hfgcn,CS,hidden,default,,64,64,"(4, 64, 'na')","(4, 64, 'na')",0.35106666666666664,0.35106666666666664,0.0,True
hfgcn,CS,hidden,homophily,Cora,64,64,"(4, 64, 'na')","(4, 64, 'na')",0.35106666666666664,0.35106666666666664,0.0,True
hfgcn,CS,hidden,slp,Photo,64,32,"(4, 64, 'na')","(4, 32, 'na')",0.35106666666666664,0.3204,0.03066666666666662,False
hfgcn,CS,hidden,homophily+slp,Photo,64,32,"(4, 64, 'na')","(4, 32, 'na')",0.35106666666666664,0.3204,0.03066666666666662,False
hfgcn,Chameleon,full,default,,"(4, 32, 'na')","(4, 64, 'na')","(4, 32, 'na')","(4, 64, 'na')",0.6659333333333334,0.6374,0.02853333333333341,False
hfgcn,Chameleon,full,homophily,Squirrel,"(4, 32, 'na')","(4, 64, 'na')","(4, 32, 'na')","(4, 64, 'na')",0.6659333333333334,0.6374,0.02853333333333341,False
hfgcn,Chameleon,full,slp,Cornell,"(4, 32, 'na')","(2, 32, 'na')","(4, 32, 'na')","(2, 32, 'na')",0.6659333333333334,0.6001333333333333,0.06580000000000008,False
hfgcn,Chameleon,full,homophily+slp,Cornell,"(4, 32, 'na')","(2, 32, 'na')","(4, 32, 'na')","(2, 32, 'na')",0.6659333333333334,0.6001333333333333,0.06580000000000008,False
hfgcn,Chameleon,depth,default,,4,4,"(4, 32, 'na')","(4, 32, 'na')",0.6659333333333334,0.6659333333333334,0.0,True
hfgcn,Chameleon,depth,homophily,Squirrel,4,4,"(4, 32, 'na')","(4, 32, 'na')",0.6659333333333334,0.6659333333333334,0.0,True
hfgcn,Chameleon,depth,slp,Cornell,4,2,"(4, 32, 'na')","(2, 32, 'na')",0.6659333333333334,0.6001333333333333,0.06580000000000008,False
hfgcn,Chameleon,depth,homophily+slp,Cornell,4,2,"(4, 32, 'na')","(2, 32, 'na')",0.6659333333333334,0.6001333333333333,0.06580000000000008,False
hfgcn,Chameleon,hidden,default,,32,64,"(4, 32, 'na')","(4, 64, 'na')",0.6659333333333334,0.6374,0.02853333333333341,False
hfgcn,Chameleon,hidden,homophily,Squirrel,32,64,"(4, 32, 'na')","(4, 64, 'na')",0.6659333333333334,0.6374,0.02853333333333341,False
hfgcn,Chameleon,hidden,slp,Cornell,32,32,"(4, 32, 'na')","(4, 32, 'na')",0.6659333333333334,0.6659333333333334,0.0,True
hfgcn,Chameleon,hidden,homophily+slp,Cornell,32,32,"(4, 32, 'na')","(4, 32, 'na')",0.6659333333333334,0.6659333333333334,0.0,True
hfgcn,CiteSeer,full,default,,"(4, 64, 'na')","(4, 64, 'na')","(4, 64, 'na')","(4, 64, 'na')",0.26876666666666665,0.26876666666666665,0.0,True
hfgcn,CiteSeer,full,homophily,Computers,"(4, 64, 'na')","(4, 64, 'na')","(4, 64, 'na')","(4, 64, 'na')",0.26876666666666665,0.26876666666666665,0.0,True
hfgcn,CiteSeer,full,slp,Cora,"(4, 64, 'na')","(4, 64, 'na')","(4, 64, 'na')","(4, 64, 'na')",0.26876666666666665,0.26876666666666665,0.0,True
hfgcn,CiteSeer,full,homophily+slp,Cora,"(4, 64, 'na')","(4, 64, 'na')","(4, 64, 'na')","(4, 64, 'na')",0.26876666666666665,0.26876666666666665,0.0,True
hfgcn,CiteSeer,depth,default,,4,4,"(4, 64, 'na')","(4, 64, 'na')",0.26876666666666665,0.26876666666666665,0.0,True
hfgcn,CiteSeer,depth,homophily,Computers,4,4,"(4, 64, 'na')","(4, 64, 'na')",0.26876666666666665,0.26876666666666665,0.0,True
hfgcn,CiteSeer,depth,slp,Cora,4,4,"(4, 64, 'na')","(4, 64, 'na')",0.26876666666666665,0.26876666666666665,0.0,True
hfgcn,CiteSeer,depth,homophily+slp,Cora,4,4,"(4, 64, 'na')","(4, 64, 'na')",0.26876666666666665,0.26876666666666665,0.0,True
hfgcn,CiteSeer,hidden,default,,64,64,"(4, 64, 'na')","(4, 64, 'na')",0.26876666666666665,0.26876666666666665,0.0,True
hfgcn,CiteSeer,hidden,homophily,Computers,64,64,"(4, 64, 'na')","(4, 64, 'na')",0.26876666666666665,0.26876666666666665,0.0,True
hfgcn,CiteSeer,hidden,slp,Cora,64,64,"(4, 64, 'na')","(4, 64, 'na')",0.26876666666666665,0.26876666666666665,0.0,True
hfgcn,CiteSeer,hidden,homophily+slp,Cora,64,64,"(4, 64, 'na')","(4, 64, 'na')",0.26876666666666665,0.26876666666666665,0.0,True
hfgcn,Computers,full,default,,"(4, 64, 'na')","(4, 64, 'na')","(4, 64, 'na')","(4, 64, 'na')",0.39643333333333336,0.39643333333333336,0.0,True
hfgcn,Computers,full,homophily,CS,"(4, 64, 'na')","(4, 64, 'na')","(4, 64, 'na')","(4, 64, 'na')",0.39643333333333336,0.39643333333333336,0.0,True
hfgcn,Computers,full,slp,Photo,"(4, 64, 'na')","(4, 32, 'na')","(4, 64, 'na')","(4, 32, 'na')",0.39643333333333336,0.3757333333333333,0.02070000000000005,False
hfgcn,Computers,full,homophily+slp,Photo,"(4, 64, 'na')","(4, 32, 'na')","(4, 64, 'na')","(4, 32, 'na')",0.39643333333333336,0.3757333333333333,0.02070000000000005,False
hfgcn,Computers,depth,default,,4,4,"(4, 64, 'na')","(4, 64, 'na')",0.39643333333333336,0.39643333333333336,0.0,True
hfgcn,Computers,depth,homophily,CS,4,4,"(4, 64, 'na')","(4, 64, 'na')",0.39643333333333336,0.39643333333333336,0.0,True
hfgcn,Computers,depth,slp,Photo,4,4,"(4, 64, 'na')","(4, 64, 'na')",0.39643333333333336,0.39643333333333336,0.0,True
hfgcn,Computers,depth,homophily+slp,Photo,4,4,"(4, 64, 'na')","(4, 64, 'na')",0.39643333333333336,0.39643333333333336,0.0,True
hfgcn,Computers,hidden,default,,64,64,"(4, 64, 'na')","(4, 64, 'na')",0.39643333333333336,0.39643333333333336,0.0,True
hfgcn,Computers,hidden,homophily,CS,64,64,"(4, 64, 'na')","(4, 64, 'na')",0.39643333333333336,0.39643333333333336,0.0,True
hfgcn,Computers,hidden,slp,Photo,64,32,"(4, 64, 'na')","(2, 32, 'na')",0.39643333333333336,0.3877333333333333,0.008700000000000041,False
hfgcn,Computers,hidden,homophily+slp,Photo,64,32,"(4, 64, 'na')","(2, 32, 'na')",0.39643333333333336,0.3877333333333333,0.008700000000000041,False
hfgcn,Cora,full,default,,"(4, 64, 'na')","(4, 64, 'na')","(4, 64, 'na')","(4, 64, 'na')",0.3186,0.3186,0.0,True
hfgcn,Cora,full,homophily,Photo,"(4, 64, 'na')","(4, 32, 'na')","(4, 64, 'na')","(4, 32, 'na')",0.3186,0.2517,0.06690000000000002,False
hfgcn,Cora,full,slp,CiteSeer,"(4, 64, 'na')","(4, 64, 'na')","(4, 64, 'na')","(4, 64, 'na')",0.3186,0.3186,0.0,True
hfgcn,Cora,full,homophily+slp,CiteSeer,"(4, 64, 'na')","(4, 64, 'na')","(4, 64, 'na')","(4, 64, 'na')",0.3186,0.3186,0.0,True
hfgcn,Cora,depth,default,,4,4,"(4, 64, 'na')","(4, 64, 'na')",0.3186,0.3186,0.0,True
hfgcn,Cora,depth,homophily,Photo,4,4,"(4, 64, 'na')","(4, 64, 'na')",0.3186,0.3186,0.0,True
hfgcn,Cora,depth,slp,CiteSeer,4,4,"(4, 64, 'na')","(4, 64, 'na')",0.3186,0.3186,0.0,True
hfgcn,Cora,depth,homophily+slp,CiteSeer,4,4,"(4, 64, 'na')","(4, 64, 'na')",0.3186,0.3186,0.0,True
hfgcn,Cora,hidden,default,,64,64,"(4, 64, 'na')","(4, 64, 'na')",0.3186,0.3186,0.0,True
hfgcn,Cora,hidden,homophily,Photo,64,32,"(4, 64, 'na')","(4, 32, 'na')",0.3186,0.2517,0.06690000000000002,False
hfgcn,Cora,hidden,slp,CiteSeer,64,64,"(4, 64, 'na')","(4, 64, 'na')",0.3186,0.3186,0.0,True
hfgcn,Cora,hidden,homophily+slp,CiteSeer,64,64,"(4, 64, 'na')","(4, 64, 'na')",0.3186,0.3186,0.0,True
hfgcn,Cornell,full,default,,"(2, 32, 'na')","(4, 64, 'na')","(2, 32, 'na')","(4, 64, 'na')",0.7631666666666667,0.7017333333333333,0.06143333333333334,False
hfgcn,Cornell,full,homophily,Actor,"(2, 32, 'na')","(2, 32, 'na')","(2, 32, 'na')","(2, 32, 'na')",0.7631666666666667,0.7631666666666667,0.0,True
hfgcn,Cornell,full,slp,Actor,"(2, 32, 'na')","(2, 32, 'na')","(2, 32, 'na')","(2, 32, 'na')",0.7631666666666667,0.7631666666666667,0.0,True
hfgcn,Cornell,full,homophily+slp,Actor,"(2, 32, 'na')","(2, 32, 'na')","(2, 32, 'na')","(2, 32, 'na')",0.7631666666666667,0.7631666666666667,0.0,True
hfgcn,Cornell,depth,default,,2,4,"(2, 32, 'na')","(4, 64, 'na')",0.7631666666666667,0.7017333333333333,0.06143333333333334,False
hfgcn,Cornell,depth,homophily,Actor,2,2,"(2, 32, 'na')","(2, 32, 'na')",0.7631666666666667,0.7631666666666667,0.0,True
hfgcn,Cornell,depth,slp,Actor,2,2,"(2, 32, 'na')","(2, 32, 'na')",0.7631666666666667,0.7631666666666667,0.0,True
hfgcn,Cornell,depth,homophily+slp,Actor,2,2,"(2, 32, 'na')","(2, 32, 'na')",0.7631666666666667,0.7631666666666667,0.0,True
hfgcn,Cornell,hidden,default,,32,64,"(2, 32, 'na')","(2, 64, 'na')",0.7631666666666667,0.7280666666666668,0.03509999999999991,False
hfgcn,Cornell,hidden,homophily,Actor,32,32,"(2, 32, 'na')","(2, 32, 'na')",0.7631666666666667,0.7631666666666667,0.0,True
hfgcn,Cornell,hidden,slp,Actor,32,32,"(2, 32, 'na')","(2, 32, 'na')",0.7631666666666667,0.7631666666666667,0.0,True
hfgcn,Cornell,hidden,homophily+slp,Actor,32,32,"(2, 32, 'na')","(2, 32, 'na')",0.7631666666666667,0.7631666666666667,0.0,True
hfgcn,Minesweeper,full,default,,"(4, 64, 'na')","(4, 64, 'na')","(4, 64, 'na')","(4, 64, 'na')",0.7391666666666666,0.7391666666666666,0.0,True
hfgcn,Minesweeper,full,homophily,Tolokers,"(4, 64, 'na')","(4, 64, 'na')","(4, 64, 'na')","(4, 64, 'na')",0.7391666666666666,0.7391666666666666,0.0,True
hfgcn,Minesweeper,full,slp,Tolokers,"(4, 64, 'na')","(4, 64, 'na')","(4, 64, 'na')","(4, 64, 'na')",0.7391666666666666,0.7391666666666666,0.0,True
hfgcn,Minesweeper,full,homophily+slp,Tolokers,"(4, 64, 'na')","(4, 64, 'na')","(4, 64, 'na')","(4, 64, 'na')",0.7391666666666666,0.7391666666666666,0.0,True
hfgcn,Minesweeper,depth,default,,4,4,"(4, 64, 'na')","(4, 64, 'na')",0.7391666666666666,0.7391666666666666,0.0,True
hfgcn,Minesweeper,depth,homophily,Tolokers,4,4,"(4, 64, 'na')","(4, 64, 'na')",0.7391666666666666,0.7391666666666666,0.0,True
hfgcn,Minesweeper,depth,slp,Tolokers,4,4,"(4, 64, 'na')","(4, 64, 'na')",0.7391666666666666,0.7391666666666666,0.0,True
hfgcn,Minesweeper,depth,homophily+slp,Tolokers,4,4,"(4, 64, 'na')","(4, 64, 'na')",0.7391666666666666,0.7391666666666666,0.0,True
hfgcn,Minesweeper,hidden,default,,64,64,"(4, 64, 'na')","(4, 64, 'na')",0.7391666666666666,0.7391666666666666,0.0,True
hfgcn,Minesweeper,hidden,homophily,Tolokers,64,64,"(4, 64, 'na')","(4, 64, 'na')",0.7391666666666666,0.7391666666666666,0.0,True
hfgcn,Minesweeper,hidden,slp,Tolokers,64,64,"(4, 64, 'na')","(4, 64, 'na')",0.7391666666666666,0.7391666666666666,0.0,True
hfgcn,Minesweeper,hidden,homophily+slp,Tolokers,64,64,"(4, 64, 'na')","(4, 64, 'na')",0.7391666666666666,0.7391666666666666,0.0,True
hfgcn,Photo,full,default,,"(4, 32, 'na')","(4, 64, 'na')","(4, 32, 'na')","(4, 64, 'na')",0.38800000000000007,0.3788666666666667,0.009133333333333382,False
hfgcn,Photo,full,homophily,Cora,"(4, 32, 'na')","(4, 64, 'na')","(4, 32, 'na')","(4, 64, 'na')",0.38800000000000007,0.3788666666666667,0.009133333333333382,False
hfgcn,Photo,full,slp,Computers,"(4, 32, 'na')","(4, 64, 'na')","(4, 32, 'na')","(4, 64, 'na')",0.38800000000000007,0.3788666666666667,0.009133333333333382,False
hfgcn,Photo,full,homophily+slp,CS,"(4, 32, 'na')","(4, 64, 'na')","(4, 32, 'na')","(4, 64, 'na')",0.38800000000000007,0.3788666666666667,0.009133333333333382,False
hfgcn,Photo,depth,default,,4,4,"(4, 32, 'na')","(4, 32, 'na')",0.38800000000000007,0.38800000000000007,0.0,True
hfgcn,Photo,depth,homophily,Cora,4,4,"(4, 32, 'na')","(4, 32, 'na')",0.38800000000000007,0.38800000000000007,0.0,True
hfgcn,Photo,depth,slp,Computers,4,4,"(4, 32, 'na')","(4, 32, 'na')",0.38800000000000007,0.38800000000000007,0.0,True
hfgcn,Photo,depth,homophily+slp,CS,4,4,"(4, 32, 'na')","(4, 32, 'na')",0.38800000000000007,0.38800000000000007,0.0,True
hfgcn,Photo,hidden,default,,32,64,"(4, 32, 'na')","(4, 64, 'na')",0.38800000000000007,0.3788666666666667,0.009133333333333382,False
hfgcn,Photo,hidden,homophily,Cora,32,64,"(4, 32, 'na')","(4, 64, 'na')",0.38800000000000007,0.3788666666666667,0.009133333333333382,False
hfgcn,Photo,hidden,slp,Computers,32,64,"(4, 32, 'na')","(4, 64, 'na')",0.38800000000000007,0.3788666666666667,0.009133333333333382,False
hfgcn,Photo,hidden,homophily+slp,CS,32,64,"(4, 32, 'na')","(4, 64, 'na')",0.38800000000000007,0.3788666666666667,0.009133333333333382,False
hfgcn,Squirrel,full,default,,"(4, 64, 'na')","(4, 64, 'na')","(4, 64, 'na')","(4, 64, 'na')",0.5005000000000001,0.5005000000000001,0.0,True
hfgcn,Squirrel,full,homophily,Wisconsin,"(4, 64, 'na')","(2, 64, 'na')","(4, 64, 'na')","(2, 64, 'na')",0.5005000000000001,0.455,0.04550000000000004,False
hfgcn,Squirrel,full,slp,Cornell,"(4, 64, 'na')","(2, 32, 'na')","(4, 64, 'na')","(2, 32, 'na')",0.5005000000000001,0.4479666666666667,0.052533333333333376,False
hfgcn,Squirrel,full,homophily+slp,Cornell,"(4, 64, 'na')","(2, 32, 'na')","(4, 64, 'na')","(2, 32, 'na')",0.5005000000000001,0.4479666666666667,0.052533333333333376,False
hfgcn,Squirrel,depth,default,,4,4,"(4, 64, 'na')","(4, 64, 'na')",0.5005000000000001,0.5005000000000001,0.0,True
hfgcn,Squirrel,depth,homophily,Wisconsin,4,2,"(4, 64, 'na')","(2, 16, 'na')",0.5005000000000001,0.45693333333333336,0.0435666666666667,False
hfgcn,Squirrel,depth,slp,Cornell,4,2,"(4, 64, 'na')","(2, 16, 'na')",0.5005000000000001,0.45693333333333336,0.0435666666666667,False
hfgcn,Squirrel,depth,homophily+slp,Cornell,4,2,"(4, 64, 'na')","(2, 16, 'na')",0.5005000000000001,0.45693333333333336,0.0435666666666667,False
hfgcn,Squirrel,hidden,default,,64,64,"(4, 64, 'na')","(4, 64, 'na')",0.5005000000000001,0.5005000000000001,0.0,True
hfgcn,Squirrel,hidden,homophily,Wisconsin,64,64,"(4, 64, 'na')","(4, 64, 'na')",0.5005000000000001,0.5005000000000001,0.0,True
hfgcn,Squirrel,hidden,slp,Cornell,64,32,"(4, 64, 'na')","(4, 32, 'na')",0.5005000000000001,0.48833333333333334,0.012166666666666714,False
hfgcn,Squirrel,hidden,homophily+slp,Cornell,64,32,"(4, 64, 'na')","(4, 32, 'na')",0.5005000000000001,0.48833333333333334,0.012166666666666714,False
hfgcn,Texas,full,default,,"(2, 16, 'na')","(4, 64, 'na')","(2, 16, 'na')","(4, 64, 'na')",0.8245666666666667,0.7982333333333332,0.02633333333333343,False
hfgcn,Texas,full,homophily,Cornell,"(2, 16, 'na')","(2, 32, 'na')","(2, 16, 'na')","(2, 32, 'na')",0.8245666666666667,0.7982333333333332,0.02633333333333343,False
hfgcn,Texas,full,slp,Wisconsin,"(2, 16, 'na')","(2, 64, 'na')","(2, 16, 'na')","(2, 64, 'na')",0.8245666666666667,0.7719333333333332,0.05263333333333342,False
hfgcn,Texas,full,homophily+slp,Wisconsin,"(2, 16, 'na')","(2, 64, 'na')","(2, 16, 'na')","(2, 64, 'na')",0.8245666666666667,0.7719333333333332,0.05263333333333342,False
hfgcn,Texas,depth,default,,2,4,"(2, 16, 'na')","(4, 64, 'na')",0.8245666666666667,0.7982333333333332,0.02633333333333343,False
hfgcn,Texas,depth,homophily,Cornell,2,2,"(2, 16, 'na')","(2, 16, 'na')",0.8245666666666667,0.8245666666666667,0.0,True
hfgcn,Texas,depth,slp,Wisconsin,2,2,"(2, 16, 'na')","(2, 16, 'na')",0.8245666666666667,0.8245666666666667,0.0,True
hfgcn,Texas,depth,homophily+slp,Wisconsin,2,2,"(2, 16, 'na')","(2, 16, 'na')",0.8245666666666667,0.8245666666666667,0.0,True
hfgcn,Texas,hidden,default,,16,64,"(2, 16, 'na')","(3, 64, 'na')",0.8245666666666667,0.8158,0.0087666666666667,False
hfgcn,Texas,hidden,homophily,Cornell,16,32,"(2, 16, 'na')","(2, 32, 'na')",0.8245666666666667,0.7982333333333332,0.02633333333333343,False
hfgcn,Texas,hidden,slp,Wisconsin,16,64,"(2, 16, 'na')","(3, 64, 'na')",0.8245666666666667,0.8158,0.0087666666666667,False
hfgcn,Texas,hidden,homophily+slp,Wisconsin,16,64,"(2, 16, 'na')","(3, 64, 'na')",0.8245666666666667,0.8158,0.0087666666666667,False
hfgcn,Tolokers,full,default,,"(4, 64, 'na')","(4, 64, 'na')","(4, 64, 'na')","(4, 64, 'na')",0.7502333333333334,0.7502333333333334,0.0,True
hfgcn,Tolokers,full,homophily,Minesweeper,"(4, 64, 'na')","(4, 64, 'na')","(4, 64, 'na')","(4, 64, 'na')",0.7502333333333334,0.7502333333333334,0.0,True
hfgcn,Tolokers,full,slp,Squirrel,"(4, 64, 'na')","(4, 64, 'na')","(4, 64, 'na')","(4, 64, 'na')",0.7502333333333334,0.7502333333333334,0.0,True
hfgcn,Tolokers,full,homophily+slp,Minesweeper,"(4, 64, 'na')","(4, 64, 'na')","(4, 64, 'na')","(4, 64, 'na')",0.7502333333333334,0.7502333333333334,0.0,True
hfgcn,Tolokers,depth,default,,4,4,"(4, 64, 'na')","(4, 64, 'na')",0.7502333333333334,0.7502333333333334,0.0,True
hfgcn,Tolokers,depth,homophily,Minesweeper,4,4,"(4, 64, 'na')","(4, 64, 'na')",0.7502333333333334,0.7502333333333334,0.0,True
hfgcn,Tolokers,depth,slp,Squirrel,4,4,"(4, 64, 'na')","(4, 64, 'na')",0.7502333333333334,0.7502333333333334,0.0,True
hfgcn,Tolokers,depth,homophily+slp,Minesweeper,4,4,"(4, 64, 'na')","(4, 64, 'na')",0.7502333333333334,0.7502333333333334,0.0,True
hfgcn,Tolokers,hidden,default,,64,64,"(4, 64, 'na')","(4, 64, 'na')",0.7502333333333334,0.7502333333333334,0.0,True
hfgcn,Tolokers,hidden,homophily,Minesweeper,64,64,"(4, 64, 'na')","(4, 64, 'na')",0.7502333333333334,0.7502333333333334,0.0,True
hfgcn,Tolokers,hidden,slp,Squirrel,64,64,"(4, 64, 'na')","(4, 64, 'na')",0.7502333333333334,0.7502333333333334,0.0,True
hfgcn,Tolokers,hidden,homophily+slp,Minesweeper,64,64,"(4, 64, 'na')","(4, 64, 'na')",0.7502333333333334,0.7502333333333334,0.0,True
hfgcn,Wisconsin,full,default,,"(2, 64, 'na')","(4, 64, 'na')","(2, 64, 'na')","(4, 64, 'na')",0.7516333333333334,0.6601666666666667,0.0914666666666667,False
hfgcn,Wisconsin,full,homophily,Actor,"(2, 64, 'na')","(2, 32, 'na')","(2, 64, 'na')","(2, 32, 'na')",0.7516333333333334,0.7254999999999999,0.026133333333333453,False
hfgcn,Wisconsin,full,slp,Texas,"(2, 64, 'na')","(2, 16, 'na')","(2, 64, 'na')","(2, 16, 'na')",0.7516333333333334,0.7385666666666667,0.013066666666666671,False
hfgcn,Wisconsin,full,homophily+slp,Texas,"(2, 64, 'na')","(2, 16, 'na')","(2, 64, 'na')","(2, 16, 'na')",0.7516333333333334,0.7385666666666667,0.013066666666666671,False
hfgcn,Wisconsin,depth,default,,2,4,"(2, 64, 'na')","(4, 32, 'na')",0.7516333333333334,0.6732,0.07843333333333335,False
hfgcn,Wisconsin,depth,homophily,Actor,2,2,"(2, 64, 'na')","(2, 64, 'na')",0.7516333333333334,0.7516333333333334,0.0,True
hfgcn,Wisconsin,depth,slp,Texas,2,2,"(2, 64, 'na')","(2, 64, 'na')",0.7516333333333334,0.7516333333333334,0.0,True
hfgcn,Wisconsin,depth,homophily+slp,Texas,2,2,"(2, 64, 'na')","(2, 64, 'na')",0.7516333333333334,0.7516333333333334,0.0,True
hfgcn,Wisconsin,hidden,default,,64,64,"(2, 64, 'na')","(2, 64, 'na')",0.7516333333333334,0.7516333333333334,0.0,True
hfgcn,Wisconsin,hidden,homophily,Actor,64,32,"(2, 64, 'na')","(2, 32, 'na')",0.7516333333333334,0.7254999999999999,0.026133333333333453,False
hfgcn,Wisconsin,hidden,slp,Texas,64,16,"(2, 64, 'na')","(2, 16, 'na')",0.7516333333333334,0.7385666666666667,0.013066666666666671,False
hfgcn,Wisconsin,hidden,homophily+slp,Texas,64,16,"(2, 64, 'na')","(2, 16, 'na')",0.7516333333333334,0.7385666666666667,0.013066666666666671,False
mlp,Actor,full,default,,"(4, 16, 'na')","(2, 64, 'na')","(4, 16, 'na')","(2, 64, 'na')",0.37653333333333333,0.3513,0.02523333333333333,False
mlp,Actor,full,homophily,Wisconsin,"(4, 16, 'na')","(2, 16, 'na')","(4, 16, 'na')","(2, 16, 'na')",0.37653333333333333,0.3537333333333333,0.022800000000000042,False
mlp,Actor,full,slp,Cornell,"(4, 16, 'na')","(2, 32, 'na')","(4, 16, 'na')","(2, 32, 'na')",0.37653333333333333,0.34909999999999997,0.027433333333333365,False
mlp,Actor,full,homophily+slp,Cornell,"(4, 16, 'na')","(2, 32, 'na')","(4, 16, 'na')","(2, 32, 'na')",0.37653333333333333,0.34909999999999997,0.027433333333333365,False
mlp,Actor,depth,default,,4,2,"(4, 16, 'na')","(2, 16, 'na')",0.37653333333333333,0.3537333333333333,0.022800000000000042,False
mlp,Actor,depth,homophily,Wisconsin,4,2,"(4, 16, 'na')","(2, 16, 'na')",0.37653333333333333,0.3537333333333333,0.022800000000000042,False
mlp,Actor,depth,slp,Cornell,4,2,"(4, 16, 'na')","(2, 16, 'na')",0.37653333333333333,0.3537333333333333,0.022800000000000042,False
mlp,Actor,depth,homophily+slp,Cornell,4,2,"(4, 16, 'na')","(2, 16, 'na')",0.37653333333333333,0.3537333333333333,0.022800000000000042,False
mlp,Actor,hidden,default,,16,64,"(4, 16, 'na')","(4, 64, 'na')",0.37653333333333333,0.3688666666666667,0.007666666666666655,False
mlp,Actor,hidden,homophily,Wisconsin,16,16,"(4, 16, 'na')","(4, 16, 'na')",0.37653333333333333,0.37653333333333333,0.0,True
mlp,Actor,hidden,slp,Cornell,16,32,"(4, 16, 'na')","(4, 32, 'na')",0.37653333333333333,0.36446666666666666,0.01206666666666667,False
mlp,Actor,hidden,homophily+slp,Cornell,16,32,"(4, 16, 'na')","(4, 32, 'na')",0.37653333333333333,0.36446666666666666,0.01206666666666667,False
mlp,CS,full,default,,"(2, 64, 'na')","(2, 64, 'na')","(2, 64, 'na')","(2, 64, 'na')",0.9441333333333333,0.9441333333333333,0.0,True
mlp,CS,full,homophily,Cora,"(2, 64, 'na')","(2, 64, 'na')","(2, 64, 'na')","(2, 64, 'na')",0.9441333333333333,0.9441333333333333,0.0,True
mlp,CS,full,slp,Photo,"(2, 64, 'na')","(2, 64, 'na')","(2, 64, 'na')","(2, 64, 'na')",0.9441333333333333,0.9441333333333333,0.0,True
mlp,CS,full,homophily+slp,Photo,"(2, 64, 'na')","(2, 64, 'na')","(2, 64, 'na')","(2, 64, 'na')",0.9441333333333333,0.9441333333333333,0.0,True
mlp,CS,depth,default,,2,2,"(2, 64, 'na')","(2, 64, 'na')",0.9441333333333333,0.9441333333333333,0.0,True
mlp,CS,depth,homophily,Cora,2,2,"(2, 64, 'na')","(2, 64, 'na')",0.9441333333333333,0.9441333333333333,0.0,True
mlp,CS,depth,slp,Photo,2,2,"(2, 64, 'na')","(2, 64, 'na')",0.9441333333333333,0.9441333333333333,0.0,True
mlp,CS,depth,homophily+slp,Photo,2,2,"(2, 64, 'na')","(2, 64, 'na')",0.9441333333333333,0.9441333333333333,0.0,True
mlp,CS,hidden,default,,64,64,"(2, 64, 'na')","(2, 64, 'na')",0.9441333333333333,0.9441333333333333,0.0,True
mlp,CS,hidden,homophily,Cora,64,64,"(2, 64, 'na')","(2, 64, 'na')",0.9441333333333333,0.9441333333333333,0.0,True
mlp,CS,hidden,slp,Photo,64,64,"(2, 64, 'na')","(2, 64, 'na')",0.9441333333333333,0.9441333333333333,0.0,True
mlp,CS,hidden,homophily+slp,Photo,64,64,"(2, 64, 'na')","(2, 64, 'na')",0.9441333333333333,0.9441333333333333,0.0,True
mlp,Chameleon,full,default,,"(3, 16, 'na')","(2, 64, 'na')","(3, 16, 'na')","(2, 64, 'na')",0.5146333333333334,0.5036666666666666,0.010966666666666791,False
mlp,Chameleon,full,homophily,Squirrel,"(3, 16, 'na')","(2, 16, 'na')","(3, 16, 'na')","(2, 16, 'na')",0.5146333333333334,0.5058666666666667,0.0087666666666667,False
mlp,Chameleon,full,slp,Cornell,"(3, 16, 'na')","(2, 32, 'na')","(3, 16, 'na')","(2, 32, 'na')",0.5146333333333334,0.49343333333333333,0.021200000000000052,False
mlp,Chameleon,full,homophily+slp,Cornell,"(3, 16, 'na')","(2, 32, 'na')","(3, 16, 'na')","(2, 32, 'na')",0.5146333333333334,0.49343333333333333,0.021200000000000052,False
mlp,Chameleon,depth,default,,3,2,"(3, 16, 'na')","(2, 16, 'na')",0.5146333333333334,0.5058666666666667,0.0087666666666667,False
mlp,Chameleon,depth,homophily,Squirrel,3,2,"(3, 16, 'na')","(2, 16, 'na')",0.5146333333333334,0.5058666666666667,0.0087666666666667,False
mlp,Chameleon,depth,slp,Cornell,3,2,"(3, 16, 'na')","(2, 16, 'na')",0.5146333333333334,0.5058666666666667,0.0087666666666667,False
mlp,Chameleon,depth,homophily+slp,Cornell,3,2,"(3, 16, 'na')","(2, 16, 'na')",0.5146333333333334,0.5058666666666667,0.0087666666666667,False
mlp,Chameleon,hidden,default,,16,64,"(3, 16, 'na')","(3, 64, 'na')",0.5146333333333334,0.5124333333333333,0.0022000000000000908,False
mlp,Chameleon,hidden,homophily,Squirrel,16,16,"(3, 16, 'na')","(3, 16, 'na')",0.5146333333333334,0.5146333333333334,0.0,True
mlp,Chameleon,hidden,slp,Cornell,16,32,"(3, 16, 'na')","(3, 32, 'na')",0.5146333333333334,0.5029333333333333,0.011700000000000044,False
mlp,Chameleon,hidden,homophily+slp,Cornell,16,32,"(3, 16, 'na')","(3, 32, 'na')",0.5146333333333334,0.5029333333333333,0.011700000000000044,False
mlp,CiteSeer,full,default,,"(3, 64, 'na')","(2, 64, 'na')","(3, 64, 'na')","(2, 64, 'na')",0.7357,0.7292,0.006500000000000061,False
mlp,CiteSeer,full,homophily,Computers,"(3, 64, 'na')","(2, 64, 'na')","(3, 64, 'na')","(2, 64, 'na')",0.7357,0.7292,0.006500000000000061,False
mlp,CiteSeer,full,slp,Cora,"(3, 64, 'na')","(2, 64, 'na')","(3, 64, 'na')","(2, 64, 'na')",0.7357,0.7292,0.006500000000000061,False
mlp,CiteSeer,full,homophily+slp,Cora,"(3, 64, 'na')","(2, 64, 'na')","(3, 64, 'na')","(2, 64, 'na')",0.7357,0.7292,0.006500000000000061,False
mlp,CiteSeer,depth,default,,3,2,"(3, 64, 'na')","(2, 32, 'na')",0.7357,0.7336999999999999,0.002000000000000113,False
mlp,CiteSeer,depth,homophily,Computers,3,2,"(3, 64, 'na')","(2, 32, 'na')",0.7357,0.7336999999999999,0.002000000000000113,False
mlp,CiteSeer,depth,slp,Cora,3,2,"(3, 64, 'na')","(2, 32, 'na')",0.7357,0.7336999999999999,0.002000000000000113,False
mlp,CiteSeer,depth,homophily+slp,Cora,3,2,"(3, 64, 'na')","(2, 32, 'na')",0.7357,0.7336999999999999,0.002000000000000113,False
mlp,CiteSeer,hidden,default,,64,64,"(3, 64, 'na')","(3, 64, 'na')",0.7357,0.7357,0.0,True
mlp,CiteSeer,hidden,homophily,Computers,64,64,"(3, 64, 'na')","(3, 64, 'na')",0.7357,0.7357,0.0,True
mlp,CiteSeer,hidden,slp,Cora,64,64,"(3, 64, 'na')","(3, 64, 'na')",0.7357,0.7357,0.0,True
mlp,CiteSeer,hidden,homophily+slp,Cora,64,64,"(3, 64, 'na')","(3, 64, 'na')",0.7357,0.7357,0.0,True
mlp,Computers,full,default,,"(2, 64, 'na')","(3, 64, 'na')","(2, 64, 'na')","(3, 64, 'na')",0.8304666666666667,0.7874666666666666,0.04300000000000004,False
mlp,Computers,full,homophily,CS,"(2, 64, 'na')","(2, 64, 'na')","(2, 64, 'na')","(2, 64, 'na')",0.8304666666666667,0.8304666666666667,0.0,True
mlp,Computers,full,slp,Photo,"(2, 64, 'na')","(2, 64, 'na')","(2, 64, 'na')","(2, 64, 'na')",0.8304666666666667,0.8304666666666667,0.0,True
mlp,Computers,full,homophily+slp,Photo,"(2, 64, 'na')","(2, 64, 'na')","(2, 64, 'na')","(2, 64, 'na')",0.8304666666666667,0.8304666666666667,0.0,True
mlp,Computers,depth,default,,2,2,"(2, 64, 'na')","(2, 64, 'na')",0.8304666666666667,0.8304666666666667,0.0,True
mlp,Computers,depth,homophily,CS,2,2,"(2, 64, 'na')","(2, 64, 'na')",0.8304666666666667,0.8304666666666667,0.0,True
mlp,Computers,depth,slp,Photo,2,2,"(2, 64, 'na')","(2, 64, 'na')",0.8304666666666667,0.8304666666666667,0.0,True
mlp,Computers,depth,homophily+slp,Photo,2,2,"(2, 64, 'na')","(2, 64, 'na')",0.8304666666666667,0.8304666666666667,0.0,True
mlp,Computers,hidden,default,,64,64,"(2, 64, 'na')","(2, 64, 'na')",0.8304666666666667,0.8304666666666667,0.0,True
mlp,Computers,hidden,homophily,CS,64,64,"(2, 64, 'na')","(2, 64, 'na')",0.8304666666666667,0.8304666666666667,0.0,True
mlp,Computers,hidden,slp,Photo,64,64,"(2, 64, 'na')","(2, 64, 'na')",0.8304666666666667,0.8304666666666667,0.0,True
mlp,Computers,hidden,homophily+slp,Photo,64,64,"(2, 64, 'na')","(2, 64, 'na')",0.8304666666666667,0.8304666666666667,0.0,True
mlp,Cora,full,default,,"(2, 64, 'na')","(2, 64, 'na')","(2, 64, 'na')","(2, 64, 'na')",0.7624333333333334,0.7624333333333334,0.0,True
mlp,Cora,full,homophily,Photo,"(2, 64, 'na')","(2, 64, 'na')","(2, 64, 'na')","(2, 64, 'na')",0.7624333333333334,0.7624333333333334,0.0,True
mlp,Cora,full,slp,CiteSeer,"(2, 64, 'na')","(3, 64, 'na')","(2, 64, 'na')","(3, 64, 'na')",0.7624333333333334,0.7544333333333334,0.008000000000000007,False
mlp,Cora,full,homophily+slp,CiteSeer,"(2, 64, 'na')","(3, 64, 'na')","(2, 64, 'na')","(3, 64, 'na')",0.7624333333333334,0.7544333333333334,0.008000000000000007,False
mlp,Cora,depth,default,,2,2,"(2, 64, 'na')","(2, 64, 'na')",0.7624333333333334,0.7624333333333334,0.0,True
mlp,Cora,depth,homophily,Photo,2,2,"(2, 64, 'na')","(2, 64, 'na')",0.7624333333333334,0.7624333333333334,0.0,True
mlp,Cora,depth,slp,CiteSeer,2,3,"(2, 64, 'na')","(3, 64, 'na')",0.7624333333333334,0.7544333333333334,0.008000000000000007,False
mlp,Cora,depth,homophily+slp,CiteSeer,2,3,"(2, 64, 'na')","(3, 64, 'na')",0.7624333333333334,0.7544333333333334,0.008000000000000007,False
mlp,Cora,hidden,default,,64,64,"(2, 64, 'na')","(2, 64, 'na')",0.7624333333333334,0.7624333333333334,0.0,True
mlp,Cora,hidden,homophily,Photo,64,64,"(2, 64, 'na')","(2, 64, 'na')",0.7624333333333334,0.7624333333333334,0.0,True
mlp,Cora,hidden,slp,CiteSeer,64,64,"(2, 64, 'na')","(2, 64, 'na')",0.7624333333333334,0.7624333333333334,0.0,True
mlp,Cora,hidden,homophily+slp,CiteSeer,64,64,"(2, 64, 'na')","(2, 64, 'na')",0.7624333333333334,0.7624333333333334,0.0,True
mlp,Cornell,full,default,,"(2, 32, 'na')","(2, 64, 'na')","(2, 32, 'na')","(2, 64, 'na')",0.8333333333333334,0.7807333333333334,0.05259999999999998,False
mlp,Cornell,full,homophily,Actor,"(2, 32, 'na')","(4, 16, 'na')","(2, 32, 'na')","(4, 16, 'na')",0.8333333333333334,0.6316,0.20173333333333332,False
mlp,Cornell,full,slp,Actor,"(2, 32, 'na')","(4, 16, 'na')","(2, 32, 'na')","(4, 16, 'na')",0.8333333333333334,0.6316,0.20173333333333332,False
mlp,Cornell,full,homophily+slp,Actor,"(2, 32, 'na')","(4, 16, 'na')","(2, 32, 'na')","(4, 16, 'na')",0.8333333333333334,0.6316,0.20173333333333332,False
mlp,Cornell,depth,default,,2,2,"(2, 32, 'na')","(2, 32, 'na')",0.8333333333333334,0.8333333333333334,0.0,True
mlp,Cornell,depth,homophily,Actor,2,4,"(2, 32, 'na')","(4, 64, 'na')",0.8333333333333334,0.8158,0.0175333333333334,False
mlp,Cornell,depth,slp,Actor,2,4,"(2, 32, 'na')","(4, 64, 'na')",0.8333333333333334,0.8158,0.0175333333333334,False
mlp,Cornell,depth,homophily+slp,Actor,2,4,"(2, 32, 'na')","(4, 64, 'na')",0.8333333333333334,0.8158,0.0175333333333334,False
mlp,Cornell,hidden,default,,32,64,"(2, 32, 'na')","(4, 64, 'na')",0.8333333333333334,0.8158,0.0175333333333334,False
mlp,Cornell,hidden,homophily,Actor,32,16,"(2, 32, 'na')","(2, 16, 'na')",0.8333333333333334,0.8070333333333334,0.02629999999999999,False
mlp,Cornell,hidden,slp,Actor,32,16,"(2, 32, 'na')","(2, 16, 'na')",0.8333333333333334,0.8070333333333334,0.02629999999999999,False
mlp,Cornell,hidden,homophily+slp,Actor,32,16,"(2, 32, 'na')","(2, 16, 'na')",0.8333333333333334,0.8070333333333334,0.02629999999999999,False
mlp,Minesweeper,full,default,,"(2, 16, 'na')","(2, 64, 'na')","(2, 16, 'na')","(2, 64, 'na')",0.7951666666666667,0.7951666666666667,0.0,False
mlp,Minesweeper,full,homophily,Tolokers,"(2, 16, 'na')","(2, 16, 'na')","(2, 16, 'na')","(2, 16, 'na')",0.7951666666666667,0.7951666666666667,0.0,True
mlp,Minesweeper,full,slp,Tolokers,"(2, 16, 'na')","(2, 16, 'na')","(2, 16, 'na')","(2, 16, 'na')",0.7951666666666667,0.7951666666666667,0.0,True
mlp,Minesweeper,full,homophily+slp,Tolokers,"(2, 16, 'na')","(2, 16, 'na')","(2, 16, 'na')","(2, 16, 'na')",0.7951666666666667,0.7951666666666667,0.0,True
mlp,Minesweeper,depth,default,,2,2,"(2, 16, 'na')","(2, 16, 'na')",0.7951666666666667,0.7951666666666667,0.0,True
mlp,Minesweeper,depth,homophily,Tolokers,2,2,"(2, 16, 'na')","(2, 16, 'na')",0.7951666666666667,0.7951666666666667,0.0,True
mlp,Minesweeper,depth,slp,Tolokers,2,2,"(2, 16, 'na')","(2, 16, 'na')",0.7951666666666667,0.7951666666666667,0.0,True
mlp,Minesweeper,depth,homophily+slp,Tolokers,2,2,"(2, 16, 'na')","(2, 16, 'na')",0.7951666666666667,0.7951666666666667,0.0,True
mlp,Minesweeper,hidden,default,,16,64,"(2, 16, 'na')","(2, 64, 'na')",0.7951666666666667,0.7951666666666667,0.0,False
mlp,Minesweeper,hidden,homophily,Tolokers,16,16,"(2, 16, 'na')","(2, 16, 'na')",0.7951666666666667,0.7951666666666667,0.0,True
mlp,Minesweeper,hidden,slp,Tolokers,16,16,"(2, 16, 'na')","(2, 16, 'na')",0.7951666666666667,0.7951666666666667,0.0,True
mlp,Minesweeper,hidden,homophily+slp,Tolokers,16,16,"(2, 16, 'na')","(2, 16, 'na')",0.7951666666666667,0.7951666666666667,0.0,True
mlp,Photo,full,default,,"(2, 64, 'na')","(2, 64, 'na')","(2, 64, 'na')","(2, 64, 'na')",0.9167666666666667,0.9167666666666667,0.0,True
mlp,Photo,full,homophily,Cora,"(2, 64, 'na')","(2, 64, 'na')","(2, 64, 'na')","(2, 64, 'na')",0.9167666666666667,0.9167666666666667,0.0,True
mlp,Photo,full,slp,Computers,"(2, 64, 'na')","(2, 64, 'na')","(2, 64, 'na')","(2, 64, 'na')",0.9167666666666667,0.9167666666666667,0.0,True
mlp,Photo,full,homophily+slp,CS,"(2, 64, 'na')","(2, 64, 'na')","(2, 64, 'na')","(2, 64, 'na')",0.9167666666666667,0.9167666666666667,0.0,True
mlp,Photo,depth,default,,2,2,"(2, 64, 'na')","(2, 64, 'na')",0.9167666666666667,0.9167666666666667,0.0,True
mlp,Photo,depth,homophily,Cora,2,2,"(2, 64, 'na')","(2, 64, 'na')",0.9167666666666667,0.9167666666666667,0.0,True
mlp,Photo,depth,slp,Computers,2,2,"(2, 64, 'na')","(2, 64, 'na')",0.9167666666666667,0.9167666666666667,0.0,True
mlp,Photo,depth,homophily+slp,CS,2,2,"(2, 64, 'na')","(2, 64, 'na')",0.9167666666666667,0.9167666666666667,0.0,True
mlp,Photo,hidden,default,,64,64,"(2, 64, 'na')","(2, 64, 'na')",0.9167666666666667,0.9167666666666667,0.0,True
mlp,Photo,hidden,homophily,Cora,64,64,"(2, 64, 'na')","(2, 64, 'na')",0.9167666666666667,0.9167666666666667,0.0,True
mlp,Photo,hidden,slp,Computers,64,64,"(2, 64, 'na')","(2, 64, 'na')",0.9167666666666667,0.9167666666666667,0.0,True
mlp,Photo,hidden,homophily+slp,CS,64,64,"(2, 64, 'na')","(2, 64, 'na')",0.9167666666666667,0.9167666666666667,0.0,True
mlp,Squirrel,full,default,,"(2, 16, 'na')","(2, 64, 'na')","(2, 16, 'na')","(2, 64, 'na')",0.3535,0.3416666666666666,0.011833333333333362,False
mlp,Squirrel,full,homophily,Wisconsin,"(2, 16, 'na')","(2, 16, 'na')","(2, 16, 'na')","(2, 16, 'na')",0.3535,0.3535,0.0,True
mlp,Squirrel,full,slp,Cornell,"(2, 16, 'na')","(2, 32, 'na')","(2, 16, 'na')","(2, 32, 'na')",0.3535,0.3394333333333333,0.014066666666666672,False
mlp,Squirrel,full,homophily+slp,Cornell,"(2, 16, 'na')","(2, 32, 'na')","(2, 16, 'na')","(2, 32, 'na')",0.3535,0.3394333333333333,0.014066666666666672,False
mlp,Squirrel,depth,default,,2,2,"(2, 16, 'na')","(2, 16, 'na')",0.3535,0.3535,0.0,True
mlp,Squirrel,depth,homophily,Wisconsin,2,2,"(2, 16, 'na')","(2, 16, 'na')",0.3535,0.3535,0.0,True
mlp,Squirrel,depth,slp,Cornell,2,2,"(2, 16, 'na')","(2, 16, 'na')",0.3535,0.3535,0.0,True
mlp,Squirrel,depth,homophily+slp,Cornell,2,2,"(2, 16, 'na')","(2, 16, 'na')",0.3535,0.3535,0.0,True
mlp,Squirrel,hidden,default,,16,64,"(2, 16, 'na')","(3, 64, 'na')",0.3535,0.35156666666666664,0.0019333333333333425,False
mlp,Squirrel,hidden,homophily,Wisconsin,16,16,"(2, 16, 'na')","(2, 16, 'na')",0.3535,0.3535,0.0,True
mlp,Squirrel,hidden,slp,Cornell,16,32,"(2, 16, 'na')","(4, 32, 'na')",0.3535,0.3407,0.012799999999999978,False
mlp,Squirrel,hidden,homophily+slp,Cornell,16,32,"(2, 16, 'na')","(4, 32, 'na')",0.3535,0.3407,0.012799999999999978,False
mlp,Texas,full,default,,"(3, 64, 'na')","(2, 64, 'na')","(3, 64, 'na')","(2, 64, 'na')",0.8245666666666667,0.7982333333333332,0.02633333333333343,False
mlp,Texas,full,homophily,Cornell,"(3, 64, 'na')","(2, 32, 'na')","(3, 64, 'na')","(2, 32, 'na')",0.8245666666666667,0.7719333333333332,0.05263333333333342,False
mlp,Texas,full,slp,Wisconsin,"(3, 64, 'na')","(2, 16, 'na')","(3, 64, 'na')","(2, 16, 'na')",0.8245666666666667,0.7544,0.07016666666666671,False
mlp,Texas,full,homophily+slp,Wisconsin,"(3, 64, 'na')","(2, 16, 'na')","(3, 64, 'na')","(2, 16, 'na')",0.8245666666666667,0.7544,0.07016666666666671,False
mlp,Texas,depth,default,,3,2,"(3, 64, 'na')","(2, 64, 'na')",0.8245666666666667,0.7982333333333332,0.02633333333333343,False
mlp,Texas,depth,homophily,Cornell,3,2,"(3, 64, 'na')","(2, 64, 'na')",0.8245666666666667,0.7982333333333332,0.02633333333333343,False
mlp,Texas,depth,slp,Wisconsin,3,2,"(3, 64, 'na')","(2, 64, 'na')",0.8245666666666667,0.7982333333333332,0.02633333333333343,False
mlp,Texas,depth,homophily+slp,Wisconsin,3,2,"(3, 64, 'na')","(2, 64, 'na')",0.8245666666666667,0.7982333333333332,0.02633333333333343,False
mlp,Texas,hidden,default,,64,64,"(3, 64, 'na')","(3, 64, 'na')",0.8245666666666667,0.8245666666666667,0.0,True
mlp,Texas,hidden,homophily,Cornell,64,32,"(3, 64, 'na')","(4, 32, 'na')",0.8245666666666667,0.7807,0.04386666666666672,False
mlp,Texas,hidden,slp,Wisconsin,64,16,"(3, 64, 'na')","(2, 16, 'na')",0.8245666666666667,0.7544,0.07016666666666671,False
mlp,Texas,hidden,homophily+slp,Wisconsin,64,16,"(3, 64, 'na')","(2, 16, 'na')",0.8245666666666667,0.7544,0.07016666666666671,False
mlp,Tolokers,full,default,,"(2, 16, 'na')","(2, 64, 'na')","(2, 16, 'na')","(2, 64, 'na')",0.7832666666666667,0.7832666666666667,0.0,False
mlp,Tolokers,full,homophily,Minesweeper,"(2, 16, 'na')","(2, 16, 'na')","(2, 16, 'na')","(2, 16, 'na')",0.7832666666666667,0.7832666666666667,0.0,True
mlp,Tolokers,full,slp,Squirrel,"(2, 16, 'na')","(2, 16, 'na')","(2, 16, 'na')","(2, 16, 'na')",0.7832666666666667,0.7832666666666667,0.0,True
mlp,Tolokers,full,homophily+slp,Minesweeper,"(2, 16, 'na')","(2, 16, 'na')","(2, 16, 'na')","(2, 16, 'na')",0.7832666666666667,0.7832666666666667,0.0,True
mlp,Tolokers,depth,default,,2,2,"(2, 16, 'na')","(2, 16, 'na')",0.7832666666666667,0.7832666666666667,0.0,True
mlp,Tolokers,depth,homophily,Minesweeper,2,2,"(2, 16, 'na')","(2, 16, 'na')",0.7832666666666667,0.7832666666666667,0.0,True
mlp,Tolokers,depth,slp,Squirrel,2,2,"(2, 16, 'na')","(2, 16, 'na')",0.7832666666666667,0.7832666666666667,0.0,True
mlp,Tolokers,depth,homophily+slp,Minesweeper,2,2,"(2, 16, 'na')","(2, 16, 'na')",0.7832666666666667,0.7832666666666667,0.0,True
mlp,Tolokers,hidden,default,,16,64,"(2, 16, 'na')","(2, 64, 'na')",0.7832666666666667,0.7832666666666667,0.0,False
mlp,Tolokers,hidden,homophily,Minesweeper,16,16,"(2, 16, 'na')","(2, 16, 'na')",0.7832666666666667,0.7832666666666667,0.0,True
mlp,Tolokers,hidden,slp,Squirrel,16,16,"(2, 16, 'na')","(2, 16, 'na')",0.7832666666666667,0.7832666666666667,0.0,True
mlp,Tolokers,hidden,homophily+slp,Minesweeper,16,16,"(2, 16, 'na')","(2, 16, 'na')",0.7832666666666667,0.7832666666666667,0.0,True
mlp,Wisconsin,full,default,,"(2, 16, 'na')","(3, 64, 'na')","(2, 16, 'na')","(3, 64, 'na')",0.8496666666666667,0.8104333333333334,0.03923333333333323,False
mlp,Wisconsin,full,homophily,Actor,"(2, 16, 'na')","(4, 16, 'na')","(2, 16, 'na')","(4, 16, 'na')",0.8496666666666667,0.7059000000000001,0.1437666666666666,False
mlp,Wisconsin,full,slp,Texas,"(2, 16, 'na')","(3, 64, 'na')","(2, 16, 'na')","(3, 64, 'na')",0.8496666666666667,0.8104333333333334,0.03923333333333323,False
mlp,Wisconsin,full,homophily+slp,Texas,"(2, 16, 'na')","(3, 64, 'na')","(2, 16, 'na')","(3, 64, 'na')",0.8496666666666667,0.8104333333333334,0.03923333333333323,False
mlp,Wisconsin,depth,default,,2,2,"(2, 16, 'na')","(2, 16, 'na')",0.8496666666666667,0.8496666666666667,0.0,True
mlp,Wisconsin,depth,homophily,Actor,2,4,"(2, 16, 'na')","(4, 32, 'na')",0.8496666666666667,0.8431000000000001,0.00656666666666661,False
mlp,Wisconsin,depth,slp,Texas,2,3,"(2, 16, 'na')","(3, 32, 'na')",0.8496666666666667,0.8431000000000001,0.00656666666666661,False
mlp,Wisconsin,depth,homophily+slp,Texas,2,3,"(2, 16, 'na')","(3, 32, 'na')",0.8496666666666667,0.8431000000000001,0.00656666666666661,False
mlp,Wisconsin,hidden,default,,16,64,"(2, 16, 'na')","(2, 64, 'na')",0.8496666666666667,0.8496666666666667,0.0,False
mlp,Wisconsin,hidden,homophily,Actor,16,16,"(2, 16, 'na')","(2, 16, 'na')",0.8496666666666667,0.8496666666666667,0.0,True
mlp,Wisconsin,hidden,slp,Texas,16,64,"(2, 16, 'na')","(2, 64, 'na')",0.8496666666666667,0.8496666666666667,0.0,False
mlp,Wisconsin,hidden,homophily+slp,Texas,16,64,"(2, 16, 'na')","(2, 64, 'na')",0.8496666666666667,0.8496666666666667,0.0,False
